{"type":"FeatureCollection","properties":{"note":"The region whose trails, POI, water and forest roads the viewer ships: the park itself plus the valleys drawn by our terrain that the user asked to include (2026-08-18). A feature is kept if any of its points falls inside ANY part - the parts are not unioned geometrically, and they do overlap where a comune reaches into the park.","fetchedVia":"tools/fetch-region.mjs","fetchedAt":"2026-08-18T07:01:09.565Z"},"features":[{"type":"Feature","properties":{"name":"Parco Nazionale Gran Paradiso","role":"park","source":"OpenStreetMap (ODbL) via Nominatim","osmType":"relation","osmId":919270},"geometry":{"type":"Polygon","coordinates":[[[7.0697452,45.4735282],[7.0704955,45.473623],[7.0724854,45.4733068],[7.0742629,45.4730808],[7.0744036,45.4731082],[7.0745952,45.4732129],[7.0750773,45.473304],[7.0752751,45.4733742],[7.0756641,45.4734338],[7.0758205,45.4735028],[7.0760739,45.4735569],[7.0764189,45.4735835],[7.076901,45.4736839],[7.077044,45.4736891],[7.0775691,45.4736302],[7.0776313,45.473605],[7.0781191,45.473292],[7.0783931,45.4731759],[7.0785382,45.4731463],[7.0790354,45.473118],[7.0792246,45.4730837],[7.0794098,45.4729707],[7.079846,45.4728521],[7.0805643,45.4727076],[7.080853,45.4726102],[7.0818361,45.4722063],[7.0819936,45.472157],[7.0821808,45.4721291],[7.0823445,45.4721253],[7.0833044,45.4721924],[7.0849491,45.4723604],[7.086664,45.4725991],[7.0867947,45.4726755],[7.0869804,45.4724975],[7.0870935,45.4722594],[7.0871596,45.4721813],[7.0872823,45.4720987],[7.0878448,45.4718138],[7.0883238,45.4714437],[7.0884101,45.471271],[7.0888011,45.4708633],[7.0888598,45.4708261],[7.0898385,45.4706002],[7.0901529,45.470555],[7.0905111,45.4705619],[7.0908624,45.4705047],[7.0916501,45.4705521],[7.0919391,45.4704389],[7.0920266,45.4704411],[7.0924251,45.4705461],[7.0933263,45.4705917],[7.0935709,45.4706298],[7.0937886,45.4706013],[7.0939131,45.470562],[7.0942999,45.4703851],[7.0947933,45.4700811],[7.095265,45.4697437],[7.0954702,45.4696542],[7.0956979,45.4695863],[7.0964272,45.4694152],[7.0969594,45.4693339],[7.0974116,45.4693009],[7.0984351,45.4692801],[7.0997164,45.4693978],[7.1000548,45.4693834],[7.1001331,45.4693535],[7.1002996,45.4692047],[7.1005914,45.4690045],[7.1009205,45.4688276],[7.101012,45.4687978],[7.1015615,45.4687464],[7.1022616,45.4685405],[7.1036189,45.4680215],[7.1039591,45.4678488],[7.1041238,45.4677175],[7.1044665,45.4671059],[7.1044827,45.4670412],[7.1044364,45.4669522],[7.1043248,45.4669444],[7.1037459,45.4670716],[7.1036752,45.4670536],[7.1035055,45.4669341],[7.1034338,45.4668339],[7.1033835,45.4666742],[7.1031716,45.4665026],[7.103093,45.4663679],[7.1028191,45.4662144],[7.1025949,45.4661343],[7.1024472,45.4660511],[7.1022126,45.465885],[7.1018657,45.4656841],[7.1017782,45.4654327],[7.1017086,45.465348],[7.1015188,45.4652647],[7.1013505,45.4651423],[7.1009394,45.4647331],[7.1008804,45.4646972],[7.1005523,45.4646457],[7.1003768,45.4645653],[7.1002508,45.4645461],[7.1002152,45.4645047],[7.1000818,45.4638743],[7.0997021,45.4633866],[7.0996926,45.4632914],[7.099716,45.4630551],[7.0996928,45.4629332],[7.0996274,45.4628095],[7.0994494,45.4625687],[7.0991185,45.4621817],[7.0990681,45.46196],[7.0989972,45.4618191],[7.098988,45.4617082],[7.0988752,45.4614885],[7.0987423,45.4613253],[7.0986463,45.4612706],[7.0983061,45.4611518],[7.0982301,45.4610894],[7.0981871,45.4609665],[7.098198,45.4609087],[7.0983924,45.4605478],[7.0985122,45.4603916],[7.0985833,45.4599639],[7.0985332,45.4594553],[7.0985631,45.459297],[7.0986427,45.4590532],[7.0985708,45.4587507],[7.0986409,45.4585003],[7.0987422,45.4583698],[7.0988469,45.4581395],[7.0990923,45.457838],[7.0995895,45.4569512],[7.0995552,45.4563846],[7.099672,45.4557312],[7.09981,45.4553854],[7.1001619,45.4547358],[7.1001897,45.4546523],[7.1002025,45.4543678],[7.1002676,45.4543275],[7.1003177,45.4543857],[7.1003984,45.4544155],[7.1004726,45.4545162],[7.1006015,45.4544205],[7.1007962,45.4541436],[7.1009213,45.4540615],[7.1009831,45.4539621],[7.1011954,45.4538486],[7.1013012,45.4537724],[7.1014327,45.4537485],[7.1015019,45.4537184],[7.1016225,45.4536318],[7.101854,45.4535615],[7.1019545,45.4535023],[7.1023182,45.4531455],[7.1026572,45.452981],[7.1031459,45.452622],[7.1032027,45.4525217],[7.1032151,45.4524517],[7.1031919,45.4521495],[7.1032342,45.4520834],[7.1034945,45.4519227],[7.104092,45.4514253],[7.1048219,45.4511046],[7.1050186,45.4510624],[7.1051092,45.4510013],[7.1053441,45.4507129],[7.1054047,45.4503882],[7.1054757,45.4503105],[7.1059818,45.4498829],[7.1062432,45.4496358],[7.106453,45.4494023],[7.1073995,45.4482421],[7.1075597,45.4479464],[7.1075928,45.4479189],[7.1077816,45.4478608],[7.1081312,45.447624],[7.1082862,45.4475753],[7.1085821,45.4476473],[7.1085702,45.4475631],[7.1086345,45.447484],[7.1087401,45.4474356],[7.1091096,45.4473516],[7.1098395,45.4471409],[7.110199,45.4470555],[7.1105145,45.4470055],[7.110654,45.4469488],[7.1107847,45.4468247],[7.1108052,45.4466639],[7.1109605,45.4463097],[7.1110212,45.445967],[7.1111027,45.4457469],[7.1113975,45.4451958],[7.1114535,45.4450052],[7.11156,45.4448188],[7.1115977,45.444666],[7.1117513,45.4443514],[7.1117442,45.4442259],[7.111786,45.4440126],[7.111856,45.4438532],[7.1118482,45.4436182],[7.1118982,45.4434962],[7.1124375,45.4428435],[7.1130332,45.4423659],[7.1131172,45.4423254],[7.1135279,45.4420124],[7.113733,45.4418922],[7.1139875,45.4418122],[7.114082,45.4416698],[7.1141162,45.4416446],[7.1143521,45.4415979],[7.1145302,45.4414602],[7.1147114,45.4413908],[7.114674,45.4412167],[7.1146705,45.4410545],[7.1145964,45.4408657],[7.1145897,45.4397856],[7.1145425,45.4392937],[7.1146387,45.4390822],[7.114554,45.4381357],[7.1145558,45.4379681],[7.1146232,45.4375271],[7.1146139,45.4373548],[7.1145364,45.4371441],[7.1145591,45.4369293],[7.1145093,45.4368154],[7.1145658,45.4362219],[7.1145227,45.436139],[7.1141523,45.4356325],[7.1140822,45.435502],[7.1140416,45.4352],[7.1136448,45.4347525],[7.1133184,45.4345201],[7.1131904,45.434295],[7.1134418,45.434217],[7.114388,45.4333573],[7.1144134,45.4332727],[7.1144917,45.4331566],[7.114587,45.4330789],[7.115891,45.4327573],[7.1163846,45.4326845],[7.1176298,45.432361],[7.1178055,45.4323321],[7.1187123,45.4324378],[7.1188928,45.4324298],[7.1190645,45.4323712],[7.1194923,45.4321838],[7.1200898,45.4319503],[7.1206892,45.4317412],[7.1209774,45.4315725],[7.1212287,45.4313755],[7.1213498,45.4313303],[7.1227517,45.4311215],[7.1229417,45.4310507],[7.123332,45.4308583],[7.1237544,45.4307172],[7.1240084,45.4305819],[7.1263573,45.4297251],[7.1273121,45.4293488],[7.1277456,45.4292308],[7.1278194,45.4292107],[7.1280116,45.4291393],[7.1281139,45.4290798],[7.1285982,45.4286913],[7.1286218,45.4286501],[7.1286514,45.4284405],[7.1286942,45.4283985],[7.1289531,45.4283228],[7.1289997,45.4282807],[7.1291096,45.4280807],[7.1291677,45.4280382],[7.1292914,45.4279864],[7.130795,45.427536],[7.1331905,45.426695],[7.1335783,45.4265933],[7.134783,45.4262111],[7.1353893,45.4260483],[7.1365677,45.4259901],[7.1395414,45.4259058],[7.1412034,45.4258049],[7.1414918,45.4257594],[7.1422846,45.4254955],[7.1438745,45.4248883],[7.1442445,45.4247678],[7.144744,45.424656],[7.1448784,45.4246135],[7.1451404,45.4244915],[7.1455525,45.4242563],[7.1457742,45.4241597],[7.1472771,45.4238427],[7.149244,45.4237019],[7.1520995,45.423188],[7.1521468,45.4231545],[7.1524547,45.4225474],[7.1529891,45.421743],[7.153645,45.4210759],[7.1541252,45.4201685],[7.15411,45.4197077],[7.1541411,45.419581],[7.1544955,45.4189214],[7.1548378,45.4183943],[7.1549782,45.4182473],[7.1564854,45.4171129],[7.1568822,45.4168528],[7.1580046,45.4161887],[7.158435,45.4159896],[7.159449,45.4155704],[7.1596899,45.4153531],[7.1601381,45.4151082],[7.1616125,45.4143513],[7.1618508,45.4142139],[7.1620888,45.4141018],[7.1623137,45.4137952],[7.1624551,45.4137253],[7.1628859,45.413651],[7.163085,45.4135798],[7.1637538,45.4131526],[7.1638083,45.4131324],[7.1641887,45.4130727],[7.1646853,45.4129197],[7.1651887,45.4127268],[7.1656762,45.4124184],[7.1659805,45.4121946],[7.1660771,45.4121515],[7.1667819,45.4121479],[7.1668569,45.4121318],[7.1676235,45.4118248],[7.1685545,45.4114931],[7.1693649,45.4111018],[7.1699968,45.4108335],[7.1707218,45.410582],[7.1713458,45.410459],[7.172317,45.4102223],[7.1728539,45.4101088],[7.1731418,45.4100301],[7.1735987,45.4096974],[7.1738039,45.4095798],[7.1739532,45.409522],[7.1744815,45.4094165],[7.1749788,45.409346],[7.1753594,45.4093351],[7.1758873,45.4092063],[7.1774073,45.4090911],[7.178496,45.4089418],[7.1787535,45.4088877],[7.1794873,45.408456],[7.1801893,45.4082345],[7.1806981,45.4080996],[7.1823991,45.4077522],[7.1827877,45.4075243],[7.1828826,45.4073423],[7.1829855,45.4069602],[7.1830738,45.4067811],[7.1832394,45.4066239],[7.1833587,45.406557],[7.1835548,45.4064789],[7.1842696,45.4062641],[7.1846189,45.4061372],[7.1850171,45.405942],[7.1851736,45.4058232],[7.1853537,45.4055621],[7.1857071,45.4049334],[7.1858643,45.4045556],[7.1859342,45.4042025],[7.1859088,45.4039001],[7.1857524,45.4032187],[7.1856593,45.4030457],[7.1868,45.403242],[7.188274,45.403249],[7.189771,45.402874],[7.191275,45.402325],[7.192691,45.402289],[7.193746,45.402123],[7.194716,45.401656],[7.196304,45.401034],[7.196859,45.400619],[7.197747,45.400042],[7.199301,45.399843],[7.200722,45.399787],[7.202042,45.399679],[7.202896,45.399526],[7.205298,45.400378],[7.206039,45.400066],[7.207335,45.399856],[7.210196,45.407433],[7.218586,45.40745],[7.218926,45.407735],[7.219778,45.408848],[7.220699,45.409058],[7.222722,45.40945],[7.22326,45.409494],[7.224149,45.409694],[7.224138,45.409842],[7.224004,45.410144],[7.224166,45.410443],[7.224443,45.410723],[7.224547,45.410868],[7.225288,45.412347],[7.225294,45.412348],[7.225449,45.412398],[7.225565,45.412466],[7.225561,45.412588],[7.225416,45.412759],[7.225225,45.412965],[7.224926,45.413205],[7.224738,45.41332],[7.224228,45.413533],[7.224009,45.413572],[7.223573,45.41357],[7.223311,45.413538],[7.223044,45.413494],[7.222933,45.413473],[7.222768,45.413384],[7.222591,45.413322],[7.222487,45.413273],[7.222449,45.413237],[7.221913,45.413374],[7.221787,45.413523],[7.22167,45.413686],[7.221612,45.413901],[7.221566,45.414052],[7.221458,45.414266],[7.221449,45.414532],[7.221523,45.414799],[7.221792,45.415004],[7.221928,45.415237],[7.221951,45.415474],[7.221898,45.415855],[7.221927,45.416236],[7.221985,45.416647],[7.222142,45.416851],[7.222176,45.417096],[7.222296,45.417163],[7.222586,45.417354],[7.222835,45.417559],[7.22294,45.417777],[7.222976,45.417943],[7.223104,45.418103],[7.223181,45.418248],[7.223107,45.418326],[7.223114,45.418434],[7.223129,45.418592],[7.223267,45.418767],[7.223438,45.418842],[7.22365,45.418924],[7.223748,45.419048],[7.223732,45.419227],[7.223862,45.419316],[7.224046,45.419333],[7.224544,45.419398],[7.224736,45.419473],[7.224904,45.419641],[7.224917,45.419879],[7.224911,45.420073],[7.224978,45.420218],[7.225166,45.420415],[7.225398,45.420512],[7.225902,45.420721],[7.226293,45.420943],[7.226564,45.421091],[7.226947,45.421248],[7.227361,45.421405],[7.227756,45.421519],[7.22803,45.421581],[7.228363,45.421702],[7.228554,45.421776],[7.228785,45.421931],[7.228896,45.421954],[7.22915,45.421987],[7.229363,45.422033],[7.229555,45.422123],[7.229724,45.422255],[7.229986,45.422367],[7.23059,45.422657],[7.231073,45.42288],[7.231416,45.423036],[7.231787,45.423229],[7.232171,45.423364],[7.232589,45.423407],[7.232976,45.423427],[7.23327,45.423511],[7.233572,45.423652],[7.233911,45.423895],[7.23425,45.424159],[7.234474,45.424508],[7.234535,45.424868],[7.234455,45.42514],[7.234408,45.425326],[7.234224,45.425324],[7.233829,45.425331],[7.233608,45.42535],[7.233018,45.425348],[7.23265,45.425371],[7.232362,45.425431],[7.232011,45.425541],[7.231805,45.425617],[7.231538,45.425642],[7.231293,45.425659],[7.230996,45.425691],[7.230646,45.425772],[7.230336,45.425867],[7.230037,45.425956],[7.22973,45.425988],[7.229505,45.425991],[7.22927,45.426016],[7.228918,45.426155],[7.228628,45.426272],[7.228276,45.42644],[7.227998,45.426493],[7.227671,45.426495],[7.227355,45.42649],[7.227088,45.426536],[7.226819,45.426654],[7.226376,45.42677],[7.226036,45.426851],[7.225769,45.426897],[7.225482,45.426928],[7.225174,45.426988],[7.224864,45.427091],[7.224504,45.427179],[7.224247,45.427233],[7.22398,45.427286],[7.223681,45.427361],[7.223384,45.427392],[7.223034,45.42748],[7.222835,45.427461],[7.222751,45.427458],[7.221893,45.427788],[7.221244,45.427892],[7.221242,45.427892],[7.220219,45.427862],[7.220138,45.427873],[7.220069,45.4279258],[7.21996,45.428007],[7.219631,45.428204],[7.218997,45.428601],[7.218898,45.428877],[7.218767,45.429155],[7.218625,45.429425],[7.217625,45.431017],[7.217608,45.431037],[7.217574,45.43118],[7.217553,45.431267],[7.217527,45.431326],[7.217479,45.431343],[7.217472,45.431407],[7.217432,45.431467],[7.217451,45.431593],[7.217425,45.431744],[7.216999,45.431974],[7.216768,45.432187],[7.216471,45.43252],[7.216151,45.43263],[7.215862,45.432726],[7.215539,45.432944],[7.215068,45.433103],[7.214965,45.433219],[7.214928,45.43334],[7.214758,45.433539],[7.214649,45.433625],[7.212407,45.436481],[7.211996,45.43677],[7.211449,45.437098],[7.210487,45.437535],[7.210097,45.437702],[7.208279,45.438702],[7.207429,45.439037],[7.207153,45.439616],[7.20703,45.439892],[7.20687,45.440236],[7.206735,45.440534],[7.206836,45.440666],[7.207202,45.441388],[7.207309,45.441558],[7.207939,45.442206],[7.207983,45.442312],[7.208052,45.442649],[7.208055,45.443073],[7.208015,45.443324],[7.207817,45.44355],[7.207466,45.443863],[7.207159,45.444037],[7.206878,45.444155],[7.206421,45.444277],[7.205903,45.444332],[7.205418,45.444303],[7.205028,45.444283],[7.204929,45.444311],[7.204812,45.444315],[7.204624,45.444371],[7.203068,45.444575],[7.202882,45.444595],[7.202736,45.444568],[7.202511,45.444616],[7.202268,45.444637],[7.201901,45.444674],[7.201746,45.444793],[7.201665,45.444793],[7.201659,45.444949],[7.201535,45.445021],[7.201488,45.44508],[7.201393,45.445122],[7.201299,45.445233],[7.201252,45.44527],[7.20102,45.445294],[7.200827,45.44522],[7.200593,45.445449],[7.200351,45.445699],[7.200535,45.445853],[7.200723,45.446046],[7.20081,45.446164],[7.200951,45.446385],[7.202122,45.447046],[7.202456,45.447176],[7.202662,45.447383],[7.202774,45.447397],[7.20279,45.447425],[7.202751,45.447506],[7.20284,45.447699],[7.203346,45.447602],[7.203497,45.447428],[7.203603,45.447367],[7.203646,45.447328],[7.203757,45.447243],[7.203798,45.447209],[7.203777,45.447141],[7.20377,45.447068],[7.203771,45.44697],[7.203788,45.446921],[7.203823,45.446898],[7.203849,45.44689],[7.20398,45.446841],[7.204127,45.446734],[7.204152,45.446657],[7.204184,45.446629],[7.204227,45.446622],[7.204288,45.446626],[7.204322,45.446628],[7.20446,45.446719],[7.204708,45.446565],[7.204851,45.44648],[7.204922,45.446435],[7.205357,45.446352],[7.205264,45.446193],[7.205477,45.445921],[7.205547,45.445875],[7.205556,45.44585],[7.205593,45.445833],[7.205592,45.445792],[7.20566,45.445758],[7.205686,45.445711],[7.205689,45.445628],[7.205666,45.445563],[7.205645,45.445552],[7.205736,45.445504],[7.205809,45.445385],[7.205904,45.445308],[7.20602,45.445295],[7.206029,45.445274],[7.206092,45.445262],[7.206172,45.445259],[7.206233,45.445301],[7.206256,45.445301],[7.206366,45.445292],[7.206372,45.445273],[7.206387,45.445249],[7.206419,45.445216],[7.206519,45.44514],[7.206577,45.445109],[7.206599,45.445114],[7.206621,45.445094],[7.206753,45.445044],[7.206789,45.44505],[7.206837,45.445061],[7.206887,45.445061],[7.206951,45.44506],[7.207015,45.445052],[7.207145,45.444995],[7.207212,45.44496],[7.207276,45.444929],[7.207301,45.444891],[7.207355,45.444883],[7.207562,45.44484],[7.207721,45.444807],[7.207754,45.444786],[7.207777,45.444791],[7.207808,45.44477],[7.207842,45.444789],[7.207941,45.444765],[7.207966,45.44476],[7.208052,45.44474],[7.208076,45.444773],[7.208213,45.444746],[7.208287,45.444707],[7.208311,45.444688],[7.208347,45.444664],[7.208455,45.444639],[7.208542,45.444552],[7.208624,45.444486],[7.208727,45.444375],[7.208748,45.444334],[7.208793,45.444226],[7.208709,45.444137],[7.208651,45.444115],[7.208501,45.444044],[7.20847,45.443713],[7.208471,45.443663],[7.208473,45.443485],[7.208681,45.443224],[7.208818,45.443021],[7.209007,45.442996],[7.209272,45.442929],[7.211717,45.44222],[7.211985,45.442156],[7.211957,45.442072],[7.212104,45.441975],[7.212338,45.441692],[7.212432,45.441708],[7.212687,45.441555],[7.212828,45.441439],[7.212943,45.441312],[7.213001,45.441235],[7.213389,45.441001],[7.213697,45.440799],[7.213919,45.440568],[7.214204,45.440332],[7.214439,45.440157],[7.214747,45.439949],[7.214941,45.439846],[7.215255,45.439711],[7.215927,45.439472],[7.21627,45.439162],[7.216607,45.438608],[7.216645,45.438567],[7.216745,45.438367],[7.218246,45.436901],[7.218409,45.436835],[7.218631,45.436725],[7.219165,45.436564],[7.219453,45.436503],[7.220015,45.43655],[7.220282,45.436579],[7.220756,45.436657],[7.220839,45.436674],[7.221598,45.436673],[7.221668,45.436649],[7.222861,45.436303],[7.223727,45.436135],[7.22425,45.43582],[7.224636,45.43576],[7.225137,45.435666],[7.225837,45.435874],[7.226195,45.435847],[7.227516,45.435346],[7.229606,45.434488],[7.229941,45.43448],[7.230306,45.434365],[7.230405,45.434284],[7.230715,45.434176],[7.230766,45.43419],[7.230856,45.434177],[7.230933,45.434216],[7.231314,45.434259],[7.231651,45.434333],[7.231882,45.434364],[7.232032,45.434318],[7.232078,45.434303],[7.232543,45.434157],[7.232702,45.434096],[7.232722,45.434088],[7.232806,45.434051],[7.233265,45.433989],[7.233425,45.434284],[7.233811,45.434175],[7.234204,45.434059],[7.234511,45.433988],[7.23476,45.433903],[7.234836,45.433878],[7.235151,45.433789],[7.235293,45.43373],[7.235457,45.43365],[7.235616,45.433654],[7.235817,45.433606],[7.235939,45.433572],[7.236095,45.433577],[7.236378,45.433608],[7.236473,45.433461],[7.236538,45.433189],[7.238769,45.433028],[7.241447,45.432744],[7.241608,45.432729],[7.242076,45.432685],[7.242518,45.432464],[7.242761,45.432471],[7.243331,45.432502],[7.243447,45.432512],[7.244072,45.432631],[7.244409,45.432815],[7.244435,45.432827],[7.244926,45.432803],[7.244979,45.432783],[7.245178,45.432862],[7.245457,45.432891],[7.24571,45.432965],[7.245933,45.43303],[7.24604,45.433112],[7.246366,45.433294],[7.246717,45.433479],[7.246805,45.433499],[7.24834,45.433351],[7.249626,45.433221],[7.249687,45.433219],[7.249727,45.433225],[7.249963,45.433175],[7.25,45.433183],[7.25003,45.433184],[7.250294,45.433204],[7.250999,45.43326],[7.251879,45.433318],[7.251936,45.433324],[7.252175,45.433413],[7.252462,45.433526],[7.252575,45.433585],[7.252584,45.433614],[7.252683,45.433654],[7.252684,45.433681],[7.252778,45.433697],[7.252807,45.433753],[7.252864,45.433778],[7.25287,45.433848],[7.25296,45.433862],[7.252964,45.433883],[7.253303,45.433946],[7.253515,45.433977],[7.253951,45.433962],[7.255011,45.433968],[7.255725,45.433975],[7.255998,45.433964],[7.256139,45.43437],[7.256175,45.434519],[7.25601,45.434669],[7.25604,45.43475],[7.256046,45.434796],[7.256079,45.434824],[7.256167,45.434892],[7.256353,45.434842],[7.256369,45.434848],[7.256392,45.434869],[7.25647,45.434881],[7.256507,45.434895],[7.256547,45.434887],[7.256703,45.434951],[7.256893,45.434927],[7.256983,45.434915],[7.257144,45.43498],[7.258474,45.435552],[7.259685,45.435665],[7.259948,45.435799],[7.26005,45.43589],[7.260218,45.435914],[7.260252,45.435931],[7.260392,45.43603],[7.260552,45.436101],[7.260694,45.436198],[7.260711,45.436203],[7.261084,45.43649],[7.261335,45.436693],[7.264087,45.437524],[7.264285,45.437615],[7.264319,45.437628],[7.264613,45.43773],[7.264742,45.437793],[7.264962,45.437905],[7.264974,45.437921],[7.264998,45.437928],[7.26616,45.438288],[7.266266,45.438311],[7.266342,45.438327],[7.266571,45.438416],[7.266841,45.43849],[7.267031,45.438548],[7.267182,45.438597],[7.2673,45.438651],[7.267886,45.438914],[7.268219,45.43906],[7.269419,45.4396],[7.269614,45.439738],[7.269866,45.439857],[7.270114,45.440023],[7.270447,45.440128],[7.273117,45.44032],[7.273174,45.440289],[7.273261,45.440359],[7.273323,45.440381],[7.273453,45.440394],[7.273556,45.440388],[7.273709,45.440381],[7.273782,45.440384],[7.273982,45.44039],[7.274093,45.440397],[7.274134,45.440371],[7.274164,45.440332],[7.274523,45.440263],[7.274653,45.440255],[7.274901,45.440226],[7.275107,45.440232],[7.275501,45.440329],[7.27583,45.440437],[7.27631,45.440638],[7.276612,45.440802],[7.2769,45.440937],[7.277098,45.441083],[7.277272,45.441211],[7.277408,45.441276],[7.277574,45.441427],[7.2777,45.441548],[7.277802,45.441635],[7.278055,45.44185],[7.278196,45.442006],[7.278266,45.442099],[7.278313,45.442174],[7.278376,45.442232],[7.278454,45.442324],[7.27861,45.442509],[7.27869,45.442561],[7.27897,45.442651],[7.279153,45.442768],[7.279326,45.442936],[7.279453,45.443046],[7.279856,45.443092],[7.280172,45.443103],[7.280309,45.443139],[7.280356,45.443185],[7.28028,45.443264],[7.280198,45.443314],[7.280219,45.443411],[7.280545,45.443627],[7.280919,45.443855],[7.281125,45.44399],[7.281292,45.4441],[7.281459,45.444194],[7.281723,45.444301],[7.281845,45.444308],[7.28204,45.444283],[7.282177,45.444313],[7.282804,45.444751],[7.283009,45.444925],[7.283102,45.445046],[7.283213,45.445133],[7.283259,45.445231],[7.283353,45.445346],[7.283564,45.445583],[7.28376,45.445814],[7.283948,45.446022],[7.284687,45.446507],[7.285015,45.446632],[7.28516,45.446657],[7.285402,45.446683],[7.285707,45.446779],[7.285938,45.446931],[7.286365,45.447017],[7.286501,45.44707],[7.286843,45.447281],[7.287088,45.447473],[7.287277,45.447641],[7.287433,45.447875],[7.287542,45.448015],[7.287684,45.448126],[7.287842,45.448271],[7.288024,45.448416],[7.288151,45.448498],[7.288401,45.448547],[7.288691,45.44858],[7.289033,45.448785],[7.289202,45.44885],[7.28932,45.448903],[7.289539,45.449002],[7.289687,45.44916],[7.289732,45.449269],[7.289736,45.449411],[7.289673,45.449604],[7.28971,45.449736],[7.290099,45.449993],[7.290315,45.450243],[7.29033,45.45039],[7.290424,45.450494],[7.290564,45.450701],[7.290722,45.450802],[7.290883,45.450849],[7.291187,45.450973],[7.291415,45.451073],[7.291431,45.451159],[7.291435,45.451276],[7.291453,45.451472],[7.291552,45.451607],[7.291672,45.451838],[7.291886,45.451853],[7.292017,45.451983],[7.292078,45.452079],[7.292171,45.452136],[7.292286,45.452283],[7.292309,45.452552],[7.292457,45.452649],[7.292535,45.452695],[7.292635,45.452797],[7.292434,45.452883],[7.292384,45.452977],[7.292249,45.453113],[7.292223,45.453126],[7.292254,45.453147],[7.292246,45.453181],[7.292236,45.453184],[7.292162,45.453207],[7.292101,45.453202],[7.29209,45.453242],[7.292067,45.45326],[7.292091,45.453327],[7.292102,45.453337],[7.292106,45.453341],[7.292116,45.453342],[7.292185,45.453349],[7.292186,45.453373],[7.292302,45.453411],[7.29252,45.453475],[7.292572,45.453524],[7.292683,45.453614],[7.292698,45.453629],[7.292713,45.453644],[7.292813,45.453727],[7.292862,45.453768],[7.293026,45.453736],[7.293084,45.453745],[7.293224,45.453704],[7.29329,45.453672],[7.293437,45.453601],[7.293495,45.453573],[7.293604,45.453509],[7.29366,45.453475],[7.293713,45.45345],[7.293806,45.453408],[7.293859,45.453398],[7.293971,45.453375],[7.294098,45.453318],[7.294214,45.453217],[7.294267,45.453278],[7.294404,45.453256],[7.294501,45.453241],[7.294561,45.453243],[7.294623,45.45325],[7.294656,45.453263],[7.294759,45.453293],[7.294766,45.453285],[7.294927,45.453358],[7.294958,45.453376],[7.294995,45.453391],[7.295017,45.4534],[7.295056,45.453419],[7.295124,45.453461],[7.295153,45.453484],[7.295197,45.453492],[7.29522,45.453503],[7.29523,45.453507],[7.295258,45.453517],[7.295325,45.453543],[7.295349,45.453556],[7.295366,45.453566],[7.295448,45.453576],[7.295549,45.453611],[7.295577,45.453605],[7.295692,45.453619],[7.295689,45.45363],[7.295878,45.453632],[7.295987,45.453618],[7.295987,45.453627],[7.296093,45.453632],[7.296127,45.45357],[7.296134,45.453538],[7.296169,45.453543],[7.296292,45.453555],[7.296433,45.453566],[7.296679,45.453573],[7.296788,45.453588],[7.296956,45.4536],[7.297106,45.453602],[7.297338,45.453618],[7.297475,45.453624],[7.297667,45.453643],[7.297893,45.453655],[7.297993,45.45366],[7.298285,45.453664],[7.298427,45.45366],[7.298566,45.453684],[7.298688,45.45369],[7.298771,45.453696],[7.298975,45.453708],[7.298972,45.453723],[7.299222,45.453736],[7.299354,45.453735],[7.299459,45.453724],[7.299729,45.453686],[7.300004,45.453639],[7.300403,45.453568],[7.300409,45.453568],[7.300412,45.453574],[7.300564,45.453576],[7.300568,45.453549],[7.300727,45.453552],[7.30078,45.453553],[7.301081,45.453553],[7.301263,45.453516],[7.30156,45.453723],[7.30159,45.453779],[7.301676,45.45382],[7.301824,45.453922],[7.301932,45.454041],[7.30196,45.454153],[7.302029,45.454249],[7.302153,45.454324],[7.302081,45.454344],[7.302061,45.454356],[7.302037,45.45439],[7.301974,45.454381],[7.301854,45.454417],[7.30185,45.454459],[7.301846,45.454499],[7.301845,45.454503],[7.301696,45.454471],[7.30158,45.454481],[7.301474,45.454517],[7.301479,45.454552],[7.301465,45.454563],[7.301459,45.454594],[7.301431,45.454612],[7.301408,45.454628],[7.301385,45.45466],[7.301399,45.45468],[7.301368,45.45469],[7.301295,45.454672],[7.301272,45.454687],[7.301203,45.454662],[7.301184,45.45468],[7.3011,45.454786],[7.301053,45.454848],[7.300917,45.455024],[7.300917,45.455026],[7.300918,45.455026],[7.301423,45.455207],[7.3016,45.455327],[7.301601,45.455327],[7.301501,45.455421],[7.301598,45.455473],[7.30186,45.455548],[7.302162,45.455793],[7.302133,45.455844],[7.302176,45.455858],[7.302092,45.455922],[7.302065,45.455966],[7.302207,45.456036],[7.302277,45.456056],[7.302286,45.456077],[7.30229,45.456109],[7.302286,45.456124],[7.302342,45.456163],[7.302281,45.456305],[7.302481,45.456412],[7.302835,45.456536],[7.30327,45.456642],[7.303284,45.456701],[7.303299,45.456699],[7.303292,45.456776],[7.303295,45.456854],[7.303391,45.456871],[7.303424,45.456894],[7.30354,45.456885],[7.303607,45.456944],[7.303611,45.456958],[7.303631,45.457023],[7.303742,45.457137],[7.304099,45.457055],[7.304231,45.457022],[7.304947,45.456838],[7.305048,45.456817],[7.30521,45.456805],[7.305356,45.45679],[7.305446,45.456754],[7.305522,45.456659],[7.30549,45.456516],[7.305452,45.45643],[7.305386,45.456344],[7.305223,45.456259],[7.304923,45.45616],[7.304579,45.456037],[7.304562,45.45601],[7.304481,45.455807],[7.304474,45.455791],[7.304476,45.455787],[7.304589,45.455577],[7.304564,45.455532],[7.304617,45.455414],[7.304638,45.455414],[7.304631,45.455355],[7.304593,45.455319],[7.304623,45.455245],[7.304546,45.455222],[7.304497,45.455129],[7.304494,45.455074],[7.304484,45.454927],[7.304438,45.454919],[7.304373,45.454882],[7.30439,45.45486],[7.30432,45.454815],[7.304422,45.454617],[7.30447,45.454524],[7.304458,45.454412],[7.304387,45.454375],[7.304303,45.454384],[7.304162,45.45432],[7.304164,45.454253],[7.304167,45.454142],[7.304179,45.453991],[7.30427,45.453886],[7.304297,45.453775],[7.304253,45.453668],[7.30424,45.453573],[7.304322,45.453457],[7.304412,45.453363],[7.304614,45.453254],[7.3048,45.453168],[7.304825,45.453223],[7.304903,45.453381],[7.304974,45.45345],[7.305053,45.453547],[7.305159,45.453638],[7.305284,45.45374],[7.305396,45.453809],[7.305472,45.453845],[7.305553,45.453898],[7.305706,45.45397],[7.306003,45.454078],[7.306125,45.454115],[7.306229,45.454142],[7.306783,45.454261],[7.306909,45.454264],[7.30748,45.454391],[7.307706,45.45444],[7.307905,45.454491],[7.307991,45.454511],[7.308119,45.454516],[7.308425,45.454489],[7.308562,45.454462],[7.308735,45.454468],[7.308853,45.454495],[7.308975,45.454532],[7.309038,45.454575],[7.309068,45.454617],[7.309171,45.454673],[7.309336,45.454797],[7.309435,45.454857],[7.309484,45.454889],[7.309566,45.454907],[7.309712,45.454883],[7.309859,45.45484],[7.310209,45.454721],[7.310297,45.454683],[7.310398,45.454666],[7.310861,45.454721],[7.311308,45.454766],[7.311282,45.454814],[7.311415,45.454861],[7.311543,45.454907],[7.31167,45.454952],[7.311646,45.454979],[7.311775,45.455088],[7.31206,45.455263],[7.3126405,45.4553495],[7.312979,45.4554],[7.314654,45.455202],[7.314752,45.455125],[7.314791,45.455094],[7.316442,45.454148],[7.316892,45.453901],[7.317884,45.453118],[7.318764,45.452722],[7.320406,45.451644],[7.320457,45.451586],[7.320642,45.451446],[7.320731,45.451371],[7.320741,45.451336],[7.320806,45.451294],[7.320855,45.451262],[7.320944,45.451204],[7.321087,45.451111],[7.321175,45.451083],[7.32122,45.451022],[7.321193,45.450988],[7.321191,45.450985],[7.32144,45.450821],[7.321531,45.45076],[7.321598,45.450715],[7.321717,45.450635],[7.321742,45.450632],[7.321899,45.450618],[7.321964,45.450564],[7.321973,45.450557],[7.321989,45.450542],[7.322025,45.450483],[7.322081,45.45045],[7.322214,45.450367],[7.3223,45.450311],[7.322303,45.450307],[7.322448,45.450212],[7.322523,45.450124],[7.322541,45.45013],[7.322602,45.450111],[7.326822,45.448246],[7.327225,45.448106],[7.327517,45.448046],[7.331406,45.44639],[7.331613,45.446227],[7.331618,45.446115],[7.331643,45.44609],[7.331656,45.446038],[7.331669,45.446022],[7.331733,45.445968],[7.331779,45.445934],[7.331829,45.445898],[7.331916,45.445853],[7.331981,45.445813],[7.332091,45.445758],[7.332422,45.445678],[7.332554,45.445596],[7.332782,45.445546],[7.333425,45.445405],[7.333685,45.445342],[7.333789,45.445307],[7.333837,45.445313],[7.333861,45.445287],[7.334223,45.445166],[7.334387,45.445129],[7.335698,45.444873],[7.33646,45.444811],[7.336776,45.444788],[7.338801,45.444564],[7.338974,45.44459],[7.33901,45.444581],[7.339071,45.444567],[7.339319,45.444525],[7.339653,45.444369],[7.339718,45.444339],[7.339776,45.444309],[7.339759,45.444275],[7.339819,45.444244],[7.33993,45.444187],[7.33999,45.444172],[7.340073,45.44415],[7.34013,45.444136],[7.340313,45.444051],[7.340514,45.444004],[7.340647,45.444018],[7.340656,45.444018],[7.34084,45.443872],[7.34168,45.443589],[7.342135,45.443423],[7.342407,45.443445],[7.342625,45.44345],[7.342626,45.44345],[7.342626,45.443448],[7.342651,45.443419],[7.342697,45.443364],[7.342874,45.443247],[7.342904,45.443254],[7.342924,45.443242],[7.342923,45.443207],[7.342992,45.443154],[7.343058,45.443092],[7.343059,45.44309],[7.343108,45.443044],[7.343139,45.44301],[7.343175,45.442944],[7.343247,45.442911],[7.343203,45.442868],[7.343209,45.442864],[7.343369,45.442771],[7.34343,45.44273],[7.343627,45.442609],[7.343727,45.442584],[7.34371,45.442508],[7.343723,45.442452],[7.343749,45.44244],[7.343736,45.442372],[7.343751,45.442355],[7.343834,45.442344],[7.34395,45.442288],[7.343977,45.442257],[7.344287,45.442143],[7.344461,45.441966],[7.344599,45.441861],[7.34458,45.441828],[7.344711,45.441777],[7.344807,45.441678],[7.345078,45.441514],[7.345185,45.441487],[7.345615,45.441185],[7.345859,45.441045],[7.345868,45.441022],[7.346002,45.440943],[7.346109,45.440814],[7.346292,45.440768],[7.346292,45.440743],[7.346552,45.440699],[7.346601,45.440668],[7.346885,45.440569],[7.346995,45.440553],[7.347194,45.440459],[7.347598,45.440336],[7.347688,45.440326],[7.347675,45.440307],[7.347733,45.440276],[7.347745,45.440249],[7.347601,45.440153],[7.347676,45.440133],[7.347723,45.440041],[7.347744,45.440041],[7.347794,45.43999],[7.347804,45.439956],[7.347867,45.439939],[7.347993,45.439962],[7.348147,45.43989],[7.34813,45.439864],[7.348151,45.439859],[7.348083,45.439774],[7.348062,45.439712],[7.348095,45.43966],[7.348213,45.439634],[7.348279,45.439491],[7.348315,45.439482],[7.348328,45.439449],[7.348348,45.439447],[7.348346,45.439372],[7.348424,45.439334],[7.348435,45.439276],[7.34853,45.439216],[7.348563,45.439159],[7.348645,45.439129],[7.348674,45.439188],[7.348717,45.439074],[7.348761,45.439073],[7.348844,45.438981],[7.348851,45.438898],[7.348932,45.438913],[7.348984,45.438872],[7.349122,45.438887],[7.349334,45.438849],[7.349456,45.438865],[7.34971,45.438856],[7.349777,45.43882],[7.349853,45.438727],[7.349821,45.43865],[7.349788,45.438636],[7.349832,45.438593],[7.349831,45.438569],[7.350328,45.438765],[7.350503,45.438641],[7.350588,45.438625],[7.350629,45.438566],[7.350578,45.438434],[7.350897,45.438327],[7.350885,45.438268],[7.350989,45.438204],[7.351095,45.438172],[7.351137,45.438128],[7.351143,45.438095],[7.35127,45.43798],[7.35131,45.437919],[7.351369,45.437913],[7.351351,45.437769],[7.351454,45.437748],[7.351531,45.437782],[7.351769,45.437739],[7.351776,45.437758],[7.351826,45.437749],[7.351902,45.437814],[7.351959,45.437916],[7.352041,45.437886],[7.352089,45.437886],[7.352105,45.437838],[7.352465,45.43788],[7.352474,45.437911],[7.352594,45.437849],[7.352804,45.437834],[7.35314,45.437721],[7.353843,45.437755],[7.353887,45.437781],[7.354127,45.437738],[7.354194,45.437681],[7.354403,45.43765],[7.354466,45.437616],[7.354534,45.437635],[7.354536,45.437651],[7.354629,45.437703],[7.354803,45.437695],[7.35502,45.437513],[7.355058,45.437499],[7.355226,45.437477],[7.355421,45.437411],[7.355501,45.437398],[7.355506,45.43738],[7.355571,45.437379],[7.355629,45.437427],[7.355666,45.437432],[7.355912,45.437132],[7.356169,45.437229],[7.356275,45.43722],[7.356397,45.437274],[7.356465,45.437169],[7.356053,45.436764],[7.356142,45.436661],[7.356166,45.436607],[7.356402,45.436381],[7.356459,45.436398],[7.356697,45.43625],[7.356765,45.436327],[7.356986,45.436237],[7.356911,45.436097],[7.356957,45.436093],[7.357048,45.43603],[7.357128,45.436],[7.357147,45.435973],[7.357131,45.435933],[7.35706,45.435868],[7.357049,45.435787],[7.356976,45.435693],[7.35696,45.435695],[7.356918,45.435655],[7.356912,45.435607],[7.356953,45.435538],[7.357119,45.435482],[7.357336,45.435322],[7.357395,45.43523],[7.357525,45.43515],[7.357593,45.435139],[7.357798,45.43502],[7.357937,45.434897],[7.358028,45.43488],[7.358153,45.434813],[7.358492,45.434831],[7.358641,45.434799],[7.358761,45.434743],[7.358951,45.434738],[7.359046,45.434706],[7.359189,45.434701],[7.359279,45.434665],[7.359591,45.434658],[7.359624,45.434628],[7.359712,45.43463],[7.359916,45.434519],[7.359977,45.434519],[7.360125,45.434456],[7.360159,45.434397],[7.360227,45.434362],[7.360309,45.434361],[7.360329,45.434328],[7.360437,45.434307],[7.360556,45.434226],[7.360609,45.434213],[7.360739,45.434219],[7.360812,45.434259],[7.360954,45.434258],[7.360989,45.434172],[7.361008,45.434172],[7.361035,45.434201],[7.361084,45.434211],[7.361117,45.434191],[7.36127,45.434195],[7.361266,45.434258],[7.361552,45.434273],[7.361768,45.434197],[7.361898,45.434173],[7.362109,45.434153],[7.362189,45.434174],[7.362634,45.433951],[7.362665,45.434046],[7.362821,45.434065],[7.362838,45.434111],[7.363265,45.434067],[7.363347,45.433758],[7.363542,45.433667],[7.363546,45.43347],[7.363529,45.433433],[7.363891,45.433503],[7.364191,45.433499],[7.36404,45.433065],[7.364512,45.433047],[7.365189,45.432936],[7.365385,45.43288],[7.365648,45.432848],[7.365695,45.433015],[7.36581,45.433034],[7.36581,45.433201],[7.366048,45.433273],[7.3662,45.433336],[7.366208,45.43331],[7.366305,45.433326],[7.366383,45.433344],[7.366563,45.433421],[7.366614,45.433435],[7.366624,45.43342],[7.366759,45.433509],[7.366862,45.433545],[7.366884,45.433624],[7.367084,45.433644],[7.367269,45.43362],[7.367316,45.433751],[7.367405,45.433727],[7.367451,45.433935],[7.367954,45.433887],[7.3681,45.433902],[7.368169,45.433881],[7.368209,45.433894],[7.368282,45.433947],[7.368341,45.433955],[7.368408,45.433999],[7.368556,45.434049],[7.368616,45.434138],[7.368711,45.434366],[7.368813,45.434365],[7.368856,45.434337],[7.369219,45.434298],[7.369331,45.434274],[7.369608,45.43416],[7.371208,45.433771],[7.372624,45.433615],[7.374745,45.43359],[7.374929,45.43356],[7.375024,45.433559],[7.375115,45.43348],[7.375292,45.433381],[7.375616,45.433336],[7.375754,45.433447],[7.376096,45.433451],[7.376355,45.433425],[7.376492,45.433341],[7.376655,45.433273],[7.37665,45.433231],[7.376726,45.433146],[7.376913,45.433106],[7.377012,45.433109],[7.377055,45.433139],[7.377269,45.433222],[7.377428,45.433256],[7.377568,45.433307],[7.37765,45.433318],[7.3777,45.433307],[7.377778,45.433336],[7.377969,45.433348],[7.379427,45.433053],[7.379597,45.432647],[7.379721,45.432661],[7.379999,45.432653],[7.380224,45.432614],[7.380638,45.432369],[7.380713,45.432359],[7.38081,45.432316],[7.381055,45.432282],[7.381094,45.432214],[7.381302,45.432223],[7.381339,45.432151],[7.381392,45.432113],[7.381591,45.431774],[7.381555,45.431704],[7.381605,45.431624],[7.381813,45.431574],[7.381867,45.431523],[7.38204,45.431473],[7.38229,45.431356],[7.383124,45.430836],[7.383194,45.430774],[7.38375,45.430763],[7.384327,45.430733],[7.386085,45.430566],[7.386627,45.43048],[7.38729,45.430347],[7.387764,45.430297],[7.389452,45.430257],[7.389959,45.430268],[7.390954,45.430417],[7.391177,45.430439],[7.391203,45.430622],[7.391502,45.430807],[7.391637,45.43087],[7.392001,45.430919],[7.392362,45.430923],[7.393906,45.431214],[7.394468,45.431577],[7.394592,45.431607],[7.394646,45.431645],[7.394896,45.43165],[7.395063,45.431625],[7.395244,45.431574],[7.395279,45.431542],[7.395914,45.431689],[7.396437,45.431746],[7.396806,45.431732],[7.397141,45.431779],[7.398367,45.432287],[7.398887,45.432382],[7.398968,45.432409],[7.399866,45.432343],[7.400521,45.432394],[7.400671,45.43242],[7.401541,45.432425],[7.40171,45.432448],[7.401994,45.432448],[7.402109,45.432472],[7.402219,45.432435],[7.404022,45.432093],[7.404093,45.432035],[7.404498,45.432078],[7.404599,45.432076],[7.404684,45.432096],[7.405003,45.432127],[7.405376,45.432188],[7.405774,45.432273],[7.40637,45.432334],[7.406534,45.432374],[7.406613,45.432348],[7.406904,45.43237],[7.407251,45.432425],[7.407674,45.432556],[7.408013,45.432628],[7.408258,45.432635],[7.408648,45.432758],[7.409067,45.432817],[7.409821,45.4332],[7.409915,45.433217],[7.410707,45.433766],[7.410836,45.43384],[7.410825,45.433904],[7.410971,45.433959],[7.411087,45.434094],[7.411815,45.434379],[7.414154,45.435238],[7.415956,45.43587],[7.416069,45.43589],[7.416505,45.435906],[7.416594,45.435957],[7.416763,45.436009],[7.414302,45.437256],[7.413264,45.437732],[7.41339,45.437893],[7.413483,45.437954],[7.413552,45.437991],[7.41397,45.438121],[7.414044,45.438165],[7.414336,45.438507],[7.414408,45.43854],[7.414693,45.438601],[7.414766,45.438681],[7.414874,45.438739],[7.415052,45.438756],[7.415305,45.438839],[7.415645,45.438857],[7.415773,45.438896],[7.416179,45.439062],[7.416488,45.439227],[7.416804,45.439461],[7.416946,45.439587],[7.417065,45.439725],[7.417165,45.439922],[7.417223,45.440101],[7.417169,45.440388],[7.416886,45.441442],[7.416869,45.441753],[7.417018,45.442119],[7.416959,45.442155],[7.416761,45.442101],[7.416648,45.442108],[7.416547,45.441988],[7.416467,45.441978],[7.41638,45.441927],[7.416277,45.441909],[7.416308,45.442039],[7.416249,45.442306],[7.416101,45.442468],[7.416005,45.442499],[7.415937,45.442602],[7.415909,45.442846],[7.416066,45.442867],[7.416151,45.442927],[7.415943,45.443015],[7.415726,45.443217],[7.415718,45.443273],[7.415236,45.443426],[7.414504,45.443792],[7.414199,45.443902],[7.413898,45.444048],[7.413754,45.444197],[7.413481,45.444567],[7.413469,45.444685],[7.413484,45.44476],[7.413553,45.444839],[7.413744,45.444944],[7.414153,45.445128],[7.414324,45.445105],[7.414427,45.445122],[7.414515,45.445158],[7.414629,45.445138],[7.414696,45.445087],[7.41477,45.445084],[7.414855,45.445176],[7.414891,45.445192],[7.414995,45.445163],[7.415061,45.445166],[7.415265,45.445067],[7.415408,45.444912],[7.415565,45.444901],[7.415606,45.444877],[7.415667,45.444778],[7.415709,45.444757],[7.415746,45.444711],[7.415708,45.444661],[7.415809,45.444507],[7.415949,45.444404],[7.416013,45.444402],[7.416062,45.444319],[7.416095,45.4443],[7.416194,45.444275],[7.416242,45.444278],[7.416465,45.444216],[7.416533,45.444219],[7.416586,45.444193],[7.416675,45.444185],[7.416745,45.444142],[7.416835,45.444132],[7.417111,45.444056],[7.417277,45.44398],[7.417339,45.443967],[7.417449,45.44387],[7.417623,45.443786],[7.417763,45.443646],[7.417916,45.443605],[7.417994,45.443616],[7.418084,45.443602],[7.418186,45.443561],[7.41827,45.443429],[7.418267,45.443338],[7.418348,45.443217],[7.418415,45.443032],[7.418525,45.44292],[7.418573,45.442835],[7.418629,45.44279],[7.418726,45.442615],[7.418812,45.442535],[7.418917,45.442377],[7.418982,45.442304],[7.419052,45.442262],[7.419075,45.442184],[7.41913,45.442166],[7.41916,45.442108],[7.4192,45.442092],[7.419363,45.441898],[7.419322,45.441874],[7.419389,45.441754],[7.419343,45.441725],[7.419311,45.441661],[7.419662,45.441564],[7.419763,45.441481],[7.419976,45.441468],[7.420029,45.44145],[7.420101,45.441351],[7.420252,45.44124],[7.420346,45.441158],[7.42036,45.441119],[7.420437,45.441061],[7.42055,45.441017],[7.420654,45.441014],[7.420705,45.440946],[7.420652,45.44084],[7.420698,45.440741],[7.420656,45.440709],[7.4207,45.440692],[7.420651,45.440629],[7.420584,45.440609],[7.420702,45.440481],[7.420741,45.4404],[7.420732,45.440325],[7.420772,45.440178],[7.420752,45.440105],[7.420788,45.439998],[7.420758,45.43994],[7.420839,45.439828],[7.420846,45.439779],[7.420803,45.439759],[7.420798,45.439661],[7.420885,45.439624],[7.420901,45.439515],[7.42088,45.439516],[7.420861,45.439334],[7.420819,45.439221],[7.420752,45.439215],[7.420814,45.439105],[7.420795,45.439037],[7.420859,45.438978],[7.420828,45.43895],[7.420845,45.438896],[7.420819,45.438797],[7.420785,45.438805],[7.420731,45.438766],[7.420657,45.438641],[7.420603,45.438483],[7.420572,45.438487],[7.420558,45.438431],[7.420505,45.438416],[7.420523,45.438393],[7.420485,45.438392],[7.420452,45.438304],[7.420504,45.438221],[7.420486,45.438194],[7.420582,45.438143],[7.420456,45.438117],[7.420601,45.438033],[7.42061,45.437995],[7.420543,45.437992],[7.42058,45.437921],[7.420495,45.437905],[7.420525,45.437862],[7.420448,45.437835],[7.420451,45.437802],[7.420523,45.437752],[7.42052,45.437728],[7.420464,45.437717],[7.420494,45.437664],[7.420475,45.43765],[7.420497,45.437628],[7.420491,45.437601],[7.420247,45.437498],[7.420296,45.437458],[7.420124,45.437404],[7.420101,45.437354],[7.419928,45.437352],[7.419943,45.437315],[7.41984,45.437226],[7.419836,45.437179],[7.419803,45.43715],[7.41984,45.437126],[7.419829,45.437067],[7.419865,45.437036],[7.419881,45.436979],[7.419842,45.436891],[7.41989,45.436855],[7.419936,45.436845],[7.419909,45.436789],[7.419944,45.436757],[7.42014,45.436712],[7.420274,45.436643],[7.420457,45.436488],[7.420563,45.436426],[7.420885,45.436328],[7.420962,45.436242],[7.421007,45.436246],[7.421006,45.436206],[7.421045,45.436157],[7.421055,45.43611],[7.421211,45.436053],[7.421336,45.436044],[7.42154,45.435955],[7.421558,45.435909],[7.421655,45.435858],[7.421671,45.435819],[7.421698,45.435805],[7.421839,45.435812],[7.421985,45.435768],[7.422182,45.435759],[7.422201,45.435741],[7.422256,45.435732],[7.422341,45.435744],[7.422395,45.435703],[7.422497,45.435664],[7.422552,45.435676],[7.422555,45.43563],[7.422719,45.435579],[7.422732,45.435546],[7.422785,45.435508],[7.422958,45.435462],[7.42298,45.435438],[7.423118,45.435383],[7.423239,45.435291],[7.423284,45.435173],[7.423254,45.43514],[7.423171,45.435127],[7.423108,45.435088],[7.42308,45.435031],[7.423108,45.435004],[7.42328,45.435019],[7.423369,45.434922],[7.423448,45.434879],[7.423616,45.434848],[7.42378,45.434798],[7.4243887,45.4347079],[7.4245895,45.4346621],[7.4245802,45.4346054],[7.424676,45.434469],[7.424691,45.434388],[7.425413,45.434176],[7.42547,45.434197],[7.425851,45.434068],[7.42605,45.433998],[7.42609,45.43391],[7.426269,45.43387],[7.426335,45.43381],[7.426801,45.43373],[7.42687,45.433688],[7.42719,45.433735],[7.42743,45.433705],[7.427649,45.43358],[7.427885,45.433588],[7.428518,45.433513],[7.42893,45.43343],[7.4293,45.433317],[7.429466,45.433317],[7.429526,45.433195],[7.429506,45.433087],[7.429911,45.433096],[7.42997,45.433062],[7.429901,45.433038],[7.429978,45.433012],[7.430059,45.433063],[7.430154,45.433154],[7.430255,45.433177],[7.430374,45.433182],[7.430411,45.433051],[7.430504,45.433022],[7.430659,45.433008],[7.43078,45.433025],[7.430837,45.433079],[7.430979,45.433146],[7.431241,45.433234],[7.431337,45.433158],[7.431676,45.43308],[7.431717,45.433046],[7.431733,45.433083],[7.43184,45.433144],[7.432281,45.433144],[7.432394,45.433189],[7.43245,45.433276],[7.43259,45.43326],[7.43273,45.433322],[7.432802,45.433316],[7.43293,45.433277],[7.433026,45.433197],[7.433061,45.433087],[7.433041,45.433045],[7.433073,45.433027],[7.433084,45.432996],[7.433057,45.432954],[7.433106,45.43279],[7.433062,45.432771],[7.433065,45.432706],[7.433021,45.432589],[7.433034,45.43251],[7.432985,45.432464],[7.433024,45.432398],[7.432997,45.432361],[7.43294,45.43214],[7.432867,45.431973],[7.432822,45.431959],[7.432776,45.431892],[7.432897,45.431889],[7.433001,45.43186],[7.433143,45.431852],[7.43318,45.431815],[7.433197,45.431748],[7.433283,45.43168],[7.433394,45.431657],[7.433464,45.431593],[7.43367,45.43157],[7.433734,45.43152],[7.433835,45.431474],[7.433887,45.431482],[7.433941,45.431434],[7.433877,45.4314],[7.433913,45.431362],[7.434165,45.431309],[7.434173,45.431205],[7.434213,45.431161],[7.434288,45.431125],[7.43436,45.431111],[7.434444,45.43114],[7.434501,45.431217],[7.434556,45.431267],[7.4349,45.43105],[7.434949,45.43101],[7.435147,45.430915],[7.435286,45.430882],[7.435563,45.430835],[7.435759,45.430823],[7.435831,45.430795],[7.435953,45.430653],[7.436174,45.430579],[7.436356,45.430475],[7.436353,45.430447],[7.43642,45.430413],[7.436479,45.430417],[7.436538,45.430382],[7.436566,45.430382],[7.43668,45.430425],[7.436713,45.430412],[7.436854,45.430433],[7.436978,45.430373],[7.437086,45.430367],[7.437132,45.430318],[7.437134,45.430284],[7.437329,45.430245],[7.437308,45.430216],[7.437336,45.430193],[7.437337,45.430162],[7.43736,45.430139],[7.437394,45.430128],[7.437447,45.430098],[7.437526,45.430132],[7.437633,45.430082],[7.437724,45.430117],[7.437805,45.430055],[7.437912,45.43002],[7.43797,45.430022],[7.43799,45.429983],[7.438041,45.429912],[7.438156,45.429904],[7.438202,45.429788],[7.438304,45.429726],[7.43849,45.429588],[7.43848,45.429486],[7.438481,45.429486],[7.438525,45.429261],[7.438837,45.428884],[7.439335,45.428571],[7.43956,45.428423],[7.439715,45.428347],[7.439744,45.428333],[7.439767,45.428313],[7.439792,45.428286],[7.439814,45.428247],[7.439845,45.428201],[7.439881,45.428162],[7.439944,45.428083],[7.439992,45.427953],[7.440049,45.427915],[7.440084,45.427926],[7.440113,45.427914],[7.44015,45.427871],[7.440152,45.427832],[7.440093,45.427802],[7.440047,45.427801],[7.440045,45.42779],[7.440007,45.427751],[7.440172,45.427692],[7.440389,45.427607],[7.440504,45.42756],[7.440607,45.427538],[7.440626,45.427528],[7.440662,45.427521],[7.440669,45.427507],[7.440725,45.427489],[7.441666,45.427389],[7.44177,45.427368],[7.442364,45.427334],[7.442433,45.427302],[7.443065,45.427022],[7.44397,45.426735],[7.444806,45.426438],[7.444952,45.426317],[7.44499,45.426265],[7.445009,45.426226],[7.445015,45.426196],[7.445011,45.426146],[7.445009,45.426114],[7.445003,45.426078],[7.445005,45.426055],[7.445015,45.426021],[7.445031,45.425989],[7.445033,45.425977],[7.445058,45.425937],[7.44511,45.425846],[7.445182,45.425797],[7.445311,45.425687],[7.445474,45.425524],[7.445622,45.425343],[7.445784,45.425216],[7.446021,45.425131],[7.446293,45.424993],[7.446438,45.4249],[7.446821,45.424652],[7.447137,45.424444],[7.447401,45.424253],[7.447706,45.424145],[7.448035,45.424055],[7.44837,45.424025],[7.448586,45.424069],[7.448644,45.424066],[7.448692,45.424069],[7.448768,45.424086],[7.448802,45.424126],[7.448836,45.42416],[7.448874,45.424238],[7.448877,45.4243],[7.449027,45.424397],[7.449123,45.424363],[7.449126,45.424367],[7.449235,45.424361],[7.449253,45.424358],[7.449277,45.424432],[7.449284,45.424502],[7.449286,45.424536],[7.449294,45.424599],[7.449307,45.424701],[7.449312,45.424764],[7.44932,45.424776],[7.449306,45.424887],[7.449323,45.424912],[7.449337,45.424931],[7.449372,45.424938],[7.449394,45.424942],[7.449437,45.424938],[7.449659,45.424922],[7.450083,45.424883],[7.450131,45.424893],[7.450167,45.424905],[7.450208,45.424913],[7.45025,45.424922],[7.450297,45.424928],[7.450353,45.424931],[7.450389,45.424931],[7.450432,45.42495],[7.45049,45.424975],[7.450537,45.424975],[7.450589,45.424962],[7.45062,45.424954],[7.45081,45.424862],[7.450866,45.424868],[7.450935,45.424853],[7.450952,45.424833],[7.450964,45.42482],[7.45104,45.424833],[7.451072,45.424835],[7.451122,45.424827],[7.451135,45.424824],[7.451215,45.424817],[7.45142,45.424782],[7.451562,45.424794],[7.451577,45.424788],[7.451624,45.424797],[7.451671,45.424742],[7.451754,45.424754],[7.451765,45.424754],[7.451774,45.424717],[7.45179,45.424685],[7.451802,45.424656],[7.451826,45.424632],[7.451818,45.424603],[7.451825,45.42458],[7.451851,45.42457],[7.451893,45.424562],[7.451943,45.42456],[7.451983,45.424517],[7.452056,45.424524],[7.452104,45.42454],[7.452138,45.424577],[7.452194,45.424579],[7.452232,45.424568],[7.452277,45.42456],[7.452291,45.424556],[7.452346,45.424556],[7.45238,45.424574],[7.452389,45.424573],[7.452407,45.424573],[7.452413,45.424576],[7.45246,45.424587],[7.452495,45.424594],[7.452504,45.424603],[7.452524,45.424603],[7.452536,45.424606],[7.452555,45.424609],[7.452575,45.424628],[7.452596,45.424635],[7.452644,45.424647],[7.452713,45.424699],[7.452717,45.424711],[7.452724,45.424724],[7.453402,45.424942],[7.453474,45.424965],[7.453474,45.424915],[7.453769,45.424803],[7.453802,45.424832],[7.453841,45.42484],[7.453901,45.42481],[7.453976,45.424887],[7.45404,45.4249],[7.454048,45.424873],[7.454245,45.424867],[7.454259,45.424856],[7.45428,45.424844],[7.454288,45.42478],[7.454349,45.424736],[7.454395,45.424771],[7.454404,45.424798],[7.454554,45.42473],[7.454699,45.424713],[7.454863,45.424715],[7.454938,45.424733],[7.455017,45.424715],[7.455006,45.424703],[7.454963,45.424683],[7.455119,45.42467],[7.455272,45.424667],[7.455284,45.424668],[7.455306,45.424675],[7.455436,45.42464],[7.455485,45.424726],[7.45549,45.424786],[7.45573,45.425317],[7.455727,45.425362],[7.455827,45.425487],[7.455729,45.425517],[7.455578,45.425533],[7.455525,45.425501],[7.45552,45.425547],[7.455469,45.425541],[7.455411,45.425524],[7.455446,45.425585],[7.455453,45.425623],[7.455323,45.425634],[7.455117,45.425675],[7.455083,45.425628],[7.455068,45.42563],[7.455037,45.425618],[7.455019,45.42559],[7.454991,45.425609],[7.45494,45.425586],[7.454905,45.425599],[7.454932,45.425633],[7.454952,45.425793],[7.455025,45.426059],[7.454976,45.42621],[7.455104,45.426231],[7.455414,45.426418],[7.455874,45.426701],[7.45575,45.426687],[7.455555,45.426667],[7.455451,45.426677],[7.455367,45.426687],[7.455208,45.426711],[7.455149,45.426719],[7.455121,45.426795],[7.4554,45.426948],[7.455402,45.426983],[7.455407,45.427019],[7.4554,45.427064],[7.455299,45.427147],[7.455235,45.427261],[7.455227,45.427294],[7.455227,45.42735],[7.455232,45.427375],[7.45524,45.427406],[7.455305,45.427407],[7.455349,45.427416],[7.455299,45.427486],[7.455217,45.427597],[7.455145,45.427582],[7.455149,45.427602],[7.455137,45.427628],[7.455179,45.427649],[7.455171,45.427695],[7.455168,45.427729],[7.455168,45.427744],[7.455158,45.42781],[7.455191,45.427858],[7.45518,45.427912],[7.455178,45.42795],[7.455178,45.428002],[7.455343,45.428382],[7.455446,45.428607],[7.455524,45.428815],[7.455596,45.428922],[7.455659,45.429094],[7.45582,45.429337],[7.456026,45.429458],[7.456255,45.42965],[7.456476,45.42983],[7.456822,45.430053],[7.457069,45.430203],[7.457251,45.430282],[7.457398,45.430396],[7.457613,45.430529],[7.457934,45.430722],[7.458048,45.430818],[7.458237,45.43098],[7.458383,45.431123],[7.458671,45.431316],[7.458861,45.431413],[7.459043,45.431498],[7.459474,45.431657],[7.460088,45.43186],[7.460636,45.432044],[7.460875,45.432171],[7.461139,45.43234],[7.46136,45.432514],[7.461558,45.43264],[7.461845,45.432868],[7.462354,45.433246],[7.462591,45.43345],[7.462763,45.433581],[7.463086,45.433742],[7.463587,45.433776],[7.464147,45.433819],[7.46438,45.433875],[7.464754,45.433986],[7.465093,45.43412],[7.465425,45.434243],[7.465895,45.434508],[7.475066,45.435727],[7.475977,45.435659],[7.476164,45.435815],[7.476819,45.435754],[7.476941,45.435959],[7.477158,45.435959],[7.480505,45.437706],[7.480488,45.438264],[7.480474,45.439369],[7.476543,45.442153],[7.477133,45.442757],[7.478081,45.443369],[7.478494,45.443341],[7.478797,45.443388],[7.479081,45.443458],[7.479133,45.443471],[7.479177,45.443479],[7.479535,45.443549],[7.47976,45.443605],[7.479848,45.443647],[7.479994,45.443716],[7.48009,45.443848],[7.480155,45.443939],[7.480327,45.444083],[7.480639,45.44427],[7.480762,45.444358],[7.481188,45.444646],[7.481795,45.446337],[7.48166,45.446607],[7.480282,45.447751],[7.479121,45.448485],[7.478764,45.448722],[7.478352,45.449822],[7.478957,45.450911],[7.479014,45.451237],[7.479015,45.45124],[7.478999,45.451466],[7.478995,45.451497],[7.479003,45.451498],[7.479002,45.451504],[7.479057,45.452067],[7.479113,45.452574],[7.478911,45.453114],[7.478876,45.453475],[7.478882,45.453476],[7.478671,45.453853],[7.479078,45.454471],[7.479064,45.455058],[7.479521,45.455393],[7.479714,45.455912],[7.479691,45.456185],[7.479547,45.456677],[7.481226,45.45788],[7.481807,45.457922],[7.483794,45.458091],[7.484188,45.458554],[7.484333,45.458652],[7.484916,45.459035],[7.485384,45.459345],[7.487348,45.459709],[7.488296,45.45927],[7.489103,45.45926],[7.491474,45.460027],[7.493192,45.460624],[7.494614,45.461342],[7.495429,45.461753],[7.497649,45.46228],[7.497744,45.462296],[7.497773,45.462301],[7.497836,45.462312],[7.498168,45.462367],[7.498206,45.462373],[7.498459,45.46242],[7.498557,45.462439],[7.499082,45.462564],[7.499089,45.462559],[7.499163,45.462512],[7.499226,45.462471],[7.49941,45.462353],[7.499493,45.462296],[7.499874,45.462386],[7.500873,45.462612],[7.500882,45.462614],[7.503327,45.46311],[7.505222,45.46284],[7.506001,45.463179],[7.505986,45.463182],[7.505988,45.463184],[7.506048,45.46327],[7.506117,45.463348],[7.506285,45.463573],[7.506326,45.463613],[7.506394,45.463698],[7.506405,45.463697],[7.506965,45.463652],[7.507053,45.463643],[7.50734,45.46361],[7.50735,45.463608],[7.507354,45.463613],[7.507426,45.463686],[7.507543,45.463793],[7.507547,45.463797],[7.507555,45.463794],[7.50768,45.46374],[7.507948,45.463633],[7.50834,45.463479],[7.508716,45.463332],[7.508965,45.463222],[7.509057,45.463349],[7.509021,45.463505],[7.508942,45.463683],[7.508855,45.463786],[7.508862,45.46392],[7.508901,45.464054],[7.509056,45.464198],[7.509127,45.464288],[7.509167,45.464378],[7.509206,45.464512],[7.509256,45.464625],[7.509317,45.464707],[7.50941,45.46479],[7.509545,45.464889],[7.509744,45.464973],[7.509952,45.465088],[7.510245,45.465218],[7.510433,45.465302],[7.510674,45.46538],[7.51081,45.465471],[7.510976,45.465585],[7.511154,45.465647],[7.511407,45.46568],[7.511553,45.465771],[7.512815,45.466555],[7.512928,45.466655],[7.513094,45.466805],[7.513297,45.466994],[7.513407,45.467093],[7.513632,45.467175],[7.513874,45.467298],[7.513954,45.467345],[7.51423,45.467462],[7.514586,45.467617],[7.514826,45.46772],[7.514931,45.467796],[7.515004,45.46785],[7.515141,45.467985],[7.51526,45.4681],[7.51552,45.468247],[7.515897,45.468461],[7.516205,45.468653],[7.516357,45.468744],[7.5166155,45.4688879],[7.516806,45.468994],[7.5168215,45.4690152],[7.516914,45.469142],[7.519983,45.474293],[7.52001,45.474492],[7.520034,45.47455],[7.52013,45.474736],[7.520698,45.47548],[7.520805,45.475647],[7.521578,45.476056],[7.521593,45.476054],[7.522964,45.47594],[7.523316,45.475863],[7.523477,45.475897],[7.523568,45.475936],[7.523874,45.475939],[7.524203,45.475941],[7.524979,45.476032],[7.525865,45.476156],[7.526157,45.476194],[7.526218,45.476215],[7.526344,45.476257],[7.52654,45.476189],[7.52657,45.476194],[7.526659,45.47621],[7.526948,45.476261],[7.5271,45.476287],[7.52715,45.476278],[7.527199,45.476269],[7.527307,45.476288],[7.52757,45.476336],[7.52758,45.476338],[7.527588,45.476335],[7.527806,45.476512],[7.527863,45.476666],[7.52798,45.476874],[7.528,45.477138],[7.528198,45.477433],[7.528229,45.4779],[7.528209,45.478107],[7.52853,45.478537],[7.528525,45.478707],[7.528632,45.478882],[7.528562,45.479233],[7.528623,45.479452],[7.528627,45.479465],[7.528556,45.479608],[7.528684,45.479929],[7.528841,45.480238],[7.528757,45.480415],[7.528784,45.480881],[7.528938,45.481346],[7.528961,45.481444],[7.529007,45.481923],[7.528981,45.482057],[7.528954,45.482194],[7.529048,45.482319],[7.529065,45.482361],[7.529095,45.482439],[7.529359,45.482794],[7.529492,45.48303],[7.52964,45.483294],[7.529856,45.483531],[7.529904,45.483761],[7.530102,45.483925],[7.530541,45.484223],[7.533977,45.488127],[7.534524,45.488593],[7.53452,45.488595],[7.534299,45.488721],[7.534098,45.488842],[7.533694,45.489038],[7.533295,45.489195],[7.532787,45.489333],[7.53275,45.489343],[7.532801,45.489412],[7.532834,45.489713],[7.532787,45.489854],[7.532014,45.490079],[7.532057,45.490104],[7.532037,45.490132],[7.532004,45.490178],[7.531675,45.490435],[7.531525,45.490473],[7.531603,45.490719],[7.531681,45.490838],[7.531724,45.490892],[7.531833,45.491015],[7.531879,45.491099],[7.531974,45.491241],[7.531955,45.491377],[7.531874,45.491389],[7.531814,45.491501],[7.53168,45.49161],[7.531662,45.491761],[7.531604,45.491759],[7.531477,45.491783],[7.531449,45.491792],[7.53147,45.491842],[7.531433,45.491849],[7.531344,45.49187],[7.531338,45.491871],[7.531293,45.4919],[7.531268,45.491902],[7.531234,45.491903],[7.531187,45.491906],[7.531172,45.491907],[7.531125,45.491909],[7.531093,45.491934],[7.531068,45.491953],[7.531023,45.491976],[7.530989,45.491992],[7.530947,45.492011],[7.530892,45.492033],[7.530816,45.492055],[7.530788,45.492054],[7.530766,45.492054],[7.530686,45.492053],[7.530676,45.492058],[7.530634,45.492076],[7.530577,45.492103],[7.530525,45.492136],[7.530498,45.492154],[7.530424,45.492192],[7.530331,45.492389],[7.530129,45.492458],[7.529762,45.492658],[7.529857,45.492821],[7.530175,45.493459],[7.530316,45.49371],[7.530557,45.494045],[7.530777,45.494392],[7.530726,45.494489],[7.530648,45.494562],[7.530593,45.494632],[7.530534,45.494692],[7.530485,45.494758],[7.530421,45.494818],[7.530363,45.494864],[7.530304,45.494907],[7.530234,45.494969],[7.530154,45.495155],[7.530234,45.495264],[7.530257,45.495276],[7.530362,45.495332],[7.530391,45.495348],[7.530472,45.495329],[7.530592,45.495309],[7.53056,45.495267],[7.530687,45.495287],[7.530997,45.495336],[7.531127,45.495331],[7.531129,45.495331],[7.531236,45.495278],[7.531326,45.495245],[7.531431,45.495203],[7.531483,45.495197],[7.531734,45.495131],[7.531892,45.495113],[7.531998,45.495101],[7.532108,45.495089],[7.532171,45.495069],[7.532389,45.495003],[7.53306,45.494613],[7.533236,45.49453],[7.53342,45.494495],[7.533553,45.494423],[7.533793,45.49429],[7.534187,45.494066],[7.534586,45.493864],[7.534893,45.493791],[7.535093,45.493734],[7.53539,45.493635],[7.53564,45.493494],[7.535925,45.49345],[7.536632,45.493311],[7.537464,45.493189],[7.538327,45.4931],[7.539016,45.493039],[7.539437,45.493018],[7.539444,45.493041],[7.539446,45.493069],[7.539456,45.493204],[7.53944,45.49331],[7.539424,45.493449],[7.539464,45.493474],[7.539399,45.493565],[7.539309,45.493701],[7.539526,45.493754],[7.539487,45.493805],[7.539533,45.493883],[7.539621,45.493936],[7.539592,45.493983],[7.539425,45.494126],[7.539432,45.494141],[7.539316,45.4942],[7.539114,45.494336],[7.538971,45.494437],[7.538625,45.4947],[7.538288,45.494959],[7.53857,45.495033],[7.539144,45.49568],[7.539275,45.496059],[7.539339,45.496238],[7.539405,45.496421],[7.539476,45.496619],[7.539491,45.496661],[7.539678,45.496897],[7.539882,45.497123],[7.539869,45.497173],[7.539848,45.497286],[7.539892,45.497313],[7.539908,45.497349],[7.53992,45.497466],[7.539928,45.497522],[7.539931,45.497545],[7.539975,45.497625],[7.540038,45.497676],[7.540058,45.497753],[7.540068,45.497835],[7.540441,45.498116],[7.540646,45.498131],[7.54049,45.498187],[7.540066,45.498331],[7.539954,45.498377],[7.540127,45.498596],[7.540256,45.498717],[7.540298,45.498805],[7.540348,45.498873],[7.540271,45.498996],[7.540565,45.499129],[7.540738,45.499209],[7.540757,45.499217],[7.54106,45.499476],[7.541114,45.499516],[7.541202,45.499573],[7.541518,45.499654],[7.541556,45.499604],[7.541623,45.499528],[7.541658,45.499463],[7.541777,45.499512],[7.541943,45.499584],[7.542065,45.499638],[7.542194,45.499692],[7.54259,45.499898],[7.542813,45.500014],[7.542934,45.500076],[7.543067,45.500185],[7.542995,45.500233],[7.543097,45.500313],[7.543019,45.500361],[7.543363,45.500572],[7.544362,45.500627],[7.544417,45.500745],[7.544588,45.500801],[7.544833,45.500882],[7.544893,45.500965],[7.544906,45.501009],[7.545102,45.500959],[7.545188,45.500955],[7.545401,45.500947],[7.545662,45.500929],[7.545707,45.500926],[7.545728,45.500875],[7.545791,45.500958],[7.545807,45.501038],[7.545896,45.501097],[7.546417,45.501881],[7.547312,45.503177],[7.547483,45.503439],[7.547756,45.503769],[7.548019,45.504089],[7.54904,45.5062],[7.549109,45.506279],[7.549198,45.506399],[7.549293,45.506539],[7.549402,45.506691],[7.549465,45.506945],[7.549506,45.507104],[7.549572,45.507377],[7.549689,45.507535],[7.54975,45.507626],[7.549796,45.50768],[7.549876,45.50772],[7.549917,45.50783],[7.549934,45.507876],[7.549978,45.507959],[7.549982,45.507961],[7.550064,45.508012],[7.550112,45.508128],[7.550169,45.508184],[7.550254,45.508199],[7.550296,45.508217],[7.550331,45.508382],[7.550362,45.508391],[7.550404,45.508461],[7.550406,45.508586],[7.550412,45.508894],[7.550395,45.509066],[7.550369,45.509295],[7.550324,45.50967],[7.550329,45.509672],[7.550248,45.509794],[7.550282,45.51004],[7.55033,45.510191],[7.550463,45.510592],[7.550426,45.510638],[7.550394,45.510713],[7.550368,45.510789],[7.55033,45.510868],[7.55031,45.510939],[7.550338,45.511036],[7.550341,45.511154],[7.550355,45.511306],[7.550353,45.51139],[7.550345,45.511453],[7.550344,45.511499],[7.550324,45.511562],[7.550299,45.511612],[7.55028,45.511667],[7.55026,45.511734],[7.550228,45.511805],[7.550196,45.511884],[7.550152,45.511972],[7.550108,45.512068],[7.550064,45.512148],[7.55002,45.512219],[7.549964,45.512302],[7.549933,45.512373],[7.549901,45.512444],[7.549857,45.512523],[7.549819,45.512595],[7.549763,45.512686],[7.549755,45.512754],[7.549729,45.512863],[7.54975,45.51296],[7.549609,45.512998],[7.549394,45.51301],[7.549394,45.513182],[7.549398,45.513356],[7.549418,45.513357],[7.549747,45.51367],[7.549747,45.513672],[7.549668,45.513779],[7.549576,45.513808],[7.549552,45.513832],[7.549542,45.513944],[7.549469,45.513971],[7.54939,45.513996],[7.549424,45.514125],[7.549736,45.514079],[7.549761,45.514076],[7.549891,45.514058],[7.55001,45.514023],[7.550066,45.514162],[7.550134,45.514311],[7.550197,45.514442],[7.550292,45.514901],[7.550315,45.515192],[7.550328,45.515398],[7.55042,45.51553],[7.550519,45.515628],[7.550606,45.515726],[7.55067,45.515798],[7.550751,45.515925],[7.550772,45.516014],[7.550822,45.51617],[7.550808,45.51625],[7.550722,45.516333],[7.550488,45.516363],[7.549857,45.516444],[7.549742,45.516451],[7.549691,45.516513],[7.549539,45.516595],[7.54933,45.51668],[7.54923,45.516731],[7.549213,45.516791],[7.549042,45.516872],[7.548876,45.516938],[7.548732,45.517135],[7.547745,45.51747],[7.547426,45.517632],[7.547291,45.517701],[7.547147,45.51777],[7.546848,45.517923],[7.54629,45.518092],[7.546232,45.518167],[7.546129,45.518299],[7.546117,45.518381],[7.546111,45.518431],[7.546155,45.51849],[7.54623,45.518789],[7.546284,45.518904],[7.546443,45.51904],[7.546458,45.519039],[7.546704,45.519123],[7.547029,45.51913],[7.547107,45.519369],[7.547229,45.519616],[7.547216,45.51969],[7.547407,45.520132],[7.547487,45.520531],[7.547594,45.521027],[7.547641,45.521148],[7.547735,45.521487],[7.54775,45.521874],[7.547722,45.521928],[7.547696,45.522097],[7.547573,45.522582],[7.547487,45.523055],[7.547465,45.52318],[7.547419,45.523228],[7.546779,45.524405],[7.546586,45.524677],[7.546551,45.524754],[7.54458,45.527719],[7.545321,45.528261],[7.5455161,45.5283894],[7.546201,45.52884],[7.546687,45.528824],[7.546866,45.528787],[7.547348,45.528607],[7.547719,45.528493],[7.54794,45.528464],[7.548135,45.528446],[7.548328,45.528418],[7.548512,45.528356],[7.548682,45.528298],[7.548963,45.528093],[7.549043,45.528005],[7.549171,45.527894],[7.5492025,45.527876],[7.54925,45.527849],[7.549443,45.52777],[7.549559,45.527751],[7.54959,45.527727],[7.549623,45.527709],[7.549681,45.527679],[7.549814,45.527605],[7.549868,45.52756],[7.54993,45.527513],[7.549975,45.527489],[7.550017,45.527462],[7.550052,45.527445],[7.550059,45.527433],[7.550145,45.527406],[7.550248,45.527333],[7.550424,45.527292],[7.550704,45.527262],[7.550888,45.527262],[7.551282,45.527301],[7.551545,45.52727],[7.551601,45.527269],[7.551636,45.527275],[7.551683,45.527268],[7.551728,45.52726],[7.55175,45.527267],[7.55178,45.527266],[7.55186,45.527221],[7.551882,45.527202],[7.551979,45.527217],[7.552069,45.527223],[7.55214,45.527193],[7.552188,45.527172],[7.552374,45.527136],[7.552393,45.527132],[7.552477,45.527123],[7.552618,45.527088],[7.552622,45.527097],[7.552732,45.527073],[7.552792,45.52706],[7.552936,45.527021],[7.552981,45.527023],[7.553006,45.527013],[7.553023,45.527007],[7.553111,45.526972],[7.553199,45.526955],[7.553276,45.526935],[7.553329,45.52692],[7.553358,45.526914],[7.553387,45.526916],[7.553485,45.526918],[7.553565,45.526928],[7.553694,45.526938],[7.553698,45.526931],[7.553741,45.526941],[7.553831,45.526995],[7.553855,45.527037],[7.55389,45.527069],[7.553937,45.527113],[7.553979,45.52713],[7.554046,45.527188],[7.554074,45.527237],[7.5541,45.527278],[7.554126,45.527326],[7.55417,45.527363],[7.554184,45.527395],[7.556903,45.530759],[7.556954,45.530799],[7.557315,45.531041],[7.557353,45.531056],[7.557379,45.53107],[7.557402,45.531076],[7.557435,45.531072],[7.557456,45.531089],[7.557631,45.531224],[7.557837,45.531299],[7.558099,45.531406],[7.558257,45.531488],[7.558308,45.531519],[7.558871,45.532131],[7.559387,45.532759],[7.559388,45.53276],[7.559599,45.532854],[7.559596,45.532947],[7.559588,45.533022],[7.559592,45.533107],[7.559584,45.533195],[7.559582,45.533296],[7.55958,45.533371],[7.55959,45.533447],[7.559617,45.533549],[7.55965,45.533642],[7.559691,45.533714],[7.559724,45.533811],[7.559729,45.533861],[7.559763,45.533929],[7.559804,45.533976],[7.559902,45.534074],[7.559853,45.534106],[7.559855,45.534107],[7.559657,45.53423],[7.559609,45.534267],[7.559533,45.534318],[7.559485,45.534343],[7.559438,45.534372],[7.559405,45.534397],[7.559378,45.534426],[7.559318,45.534447],[7.559237,45.534702],[7.559502,45.535007],[7.559513,45.535009],[7.559507,45.535014],[7.559594,45.535104],[7.55964,45.535155],[7.560394,45.535219],[7.560481,45.535115],[7.560513,45.53505],[7.560576,45.53499],[7.560658,45.534926],[7.560697,45.534907],[7.56078,45.534957],[7.560823,45.534987],[7.560841,45.535012],[7.560846,45.535025],[7.560847,45.535057],[7.560919,45.535118],[7.560928,45.535229],[7.560946,45.535302],[7.56094,45.535416],[7.560959,45.535462],[7.560987,45.535488],[7.561006,45.535519],[7.561059,45.535589],[7.561132,45.535748],[7.561141,45.535767],[7.561163,45.535786],[7.561178,45.535804],[7.561186,45.535843],[7.561273,45.535913],[7.561286,45.535921],[7.561334,45.535954],[7.561385,45.535961],[7.561475,45.535973],[7.561562,45.536001],[7.56164,45.536032],[7.561673,45.53606],[7.561705,45.536069],[7.56176,45.536093],[7.561802,45.536103],[7.561858,45.536126],[7.561929,45.536143],[7.561976,45.536155],[7.562107,45.536199],[7.562157,45.536204],[7.562212,45.536494],[7.562321,45.536527],[7.562383,45.536577],[7.562453,45.536619],[7.562636,45.53672],[7.562645,45.536725],[7.56272,45.536765],[7.562764,45.536786],[7.564073,45.536845],[7.56412,45.536871],[7.564254,45.536882],[7.564321,45.536891],[7.564487,45.536914],[7.564616,45.536953],[7.564705,45.536966],[7.564765,45.536995],[7.564791,45.537016],[7.564816,45.537036],[7.564834,45.537038],[7.565021,45.537059],[7.565165,45.53704],[7.5653,45.537033],[7.565317,45.53703],[7.565402,45.537016],[7.565453,45.537003],[7.565518,45.536993],[7.565568,45.536978],[7.56567,45.536962],[7.56572,45.536951],[7.565824,45.536922],[7.565942,45.536884],[7.566034,45.536864],[7.566125,45.536818],[7.566227,45.536803],[7.56633,45.536766],[7.56648,45.536743],[7.566558,45.536739],[7.56663,45.536728],[7.566726,45.536721],[7.566876,45.536697],[7.567002,45.536695],[7.567116,45.536692],[7.567259,45.536698],[7.567361,45.536699],[7.567426,45.536717],[7.567504,45.536709],[7.567512,45.536797],[7.567458,45.53695],[7.567454,45.53699],[7.567445,45.537101],[7.567452,45.537148],[7.567495,45.537246],[7.567495,45.53735],[7.567531,45.537459],[7.567423,45.537483],[7.567475,45.537537],[7.567515,45.537571],[7.567536,45.537579],[7.567546,45.537629],[7.567548,45.537648],[7.567539,45.537671],[7.567584,45.537682],[7.567655,45.53771],[7.567679,45.537745],[7.567702,45.53776],[7.567721,45.537772],[7.567735,45.537791],[7.567907,45.53785],[7.568131,45.537946],[7.568421,45.538062],[7.568431,45.53806],[7.568455,45.538051],[7.568498,45.538047],[7.568583,45.538041],[7.568641,45.538037],[7.573261,45.538289],[7.57419,45.538679],[7.574434,45.538818],[7.574682,45.538965],[7.574718,45.538976],[7.574838,45.539013],[7.574904,45.539018],[7.575154,45.538962],[7.575258,45.538986],[7.575356,45.539043],[7.575559,45.53907],[7.575681,45.539198],[7.575781,45.539288],[7.575833,45.539343],[7.575891,45.539436],[7.575919,45.539508],[7.576036,45.539602],[7.576155,45.539658],[7.576278,45.539757],[7.57636,45.539821],[7.576413,45.539859],[7.576513,45.539924],[7.576583,45.54],[7.576653,45.540051],[7.576724,45.540103],[7.576817,45.540197],[7.576887,45.540273],[7.576922,45.540337],[7.57705,45.540481],[7.577076,45.540625],[7.577091,45.540734],[7.577094,45.540844],[7.576994,45.541006],[7.576915,45.541081],[7.576871,45.541148],[7.576869,45.541215],[7.576921,45.541325],[7.576978,45.541439],[7.576992,45.541557],[7.577026,45.541659],[7.577047,45.541773],[7.577078,45.541945],[7.577088,45.542047],[7.577068,45.542126],[7.577088,45.542265],[7.577086,45.542345],[7.577072,45.542421],[7.577059,45.542471],[7.577041,45.542581],[7.577037,45.542631],[7.577041,45.542732],[7.57711,45.542838],[7.577132,45.542918],[7.577177,45.543011],[7.577222,45.543125],[7.577315,45.543261],[7.577379,45.543325],[7.57749,45.543435],[7.577559,45.543554],[7.577676,45.543718],[7.577719,45.543802],[7.577796,45.543877],[7.577816,45.544016],[7.577842,45.544197],[7.577761,45.544305],[7.577614,45.544459],[7.577471,45.544655],[7.577372,45.544767],[7.577315,45.544889],[7.577137,45.545093],[7.576904,45.545283],[7.576723,45.545373],[7.57653,45.545417],[7.576289,45.545477],[7.576113,45.545555],[7.575949,45.54565],[7.575839,45.545745],[7.57579,45.545816],[7.575751,45.545921],[7.575731,45.546017],[7.575692,45.54613],[7.575647,45.546227],[7.575596,45.54636],[7.575461,45.546489],[7.575375,45.546581],[7.575106,45.546788],[7.574973,45.54687],[7.574893,45.546957],[7.574854,45.547062],[7.574852,45.547155],[7.574878,45.547281],[7.575001,45.547413],[7.575064,45.547532],[7.575017,45.547716],[7.575049,45.54786],[7.575029,45.54796],[7.575014,45.548074],[7.574969,45.548199],[7.574883,45.548274],[7.574588,45.548338],[7.574425,45.548386],[7.57434,45.548448],[7.574308,45.548544],[7.574288,45.548632],[7.574291,45.548733],[7.574276,45.548851],[7.574249,45.548989],[7.574156,45.549093],[7.574082,45.549189],[7.574068,45.549273],[7.57409,45.549337],[7.574136,45.549405],[7.574195,45.549456],[7.574248,45.54949],[7.574354,45.549609],[7.574542,45.549704],[7.574726,45.549748],[7.574798,45.549758],[7.574858,45.549763],[7.57506,45.549824],[7.575172,45.549893],[7.575211,45.550011],[7.575104,45.550182],[7.575048,45.550295],[7.574965,45.550479],[7.57492,45.550617],[7.574894,45.550693],[7.574915,45.55079],[7.574911,45.550954],[7.574872,45.551105],[7.574856,45.551231],[7.574824,45.551319],[7.574828,45.551415],[7.574886,45.551492],[7.574907,45.551585],[7.574887,45.551668],[7.574808,45.551731],[7.574722,45.551797],[7.574649,45.551876],[7.574574,45.551967],[7.574482,45.552059],[7.574407,45.552176],[7.574434,45.552315],[7.574455,45.552433],[7.574452,45.55253],[7.574431,45.552677],[7.574306,45.552868],[7.574256,45.552939],[7.574225,45.553053],[7.574226,45.553077],[7.574191,45.553116],[7.574176,45.553132],[7.574135,45.553232],[7.574067,45.553311],[7.574053,45.553416],[7.57405,45.553517],[7.57406,45.553623],[7.574045,45.553744],[7.573944,45.553916],[7.57381,45.554027],[7.573717,45.554127],[7.573632,45.554206],[7.573581,45.554298],[7.573555,45.554399],[7.57354,45.554525],[7.57346,45.55462],[7.573367,45.554724],[7.573239,45.554803],[7.573112,45.554856],[7.572997,45.554901],[7.572888,45.55495],[7.572797,45.554995],[7.572705,45.555086],[7.572589,45.555182],[7.572508,45.555294],[7.572421,45.555428],[7.572382,45.555553],[7.572349,45.555662],[7.57228,45.555813],[7.57221,45.555951],[7.57217,45.556127],[7.572161,45.556261],[7.572175,45.556384],[7.572191,45.556464],[7.5722,45.556586],[7.572203,45.556725],[7.57205,45.556853],[7.571916,45.556927],[7.571769,45.557056],[7.571688,45.557198],[7.571559,45.557306],[7.571468,45.557355],[7.571347,45.557421],[7.571233,45.557436],[7.571106,45.557418],[7.570983,45.557454],[7.570754,45.557443],[7.570573,45.557474],[7.570441,45.557506],[7.570216,45.557608],[7.569957,45.557668],[7.569807,45.557704],[7.569668,45.557736],[7.569523,45.557806],[7.569425,45.557868],[7.569322,45.557951],[7.569224,45.558029],[7.569138,45.558108],[7.56904,45.558195],[7.568966,45.558262],[7.568899,45.558341],[7.568836,45.558432],[7.568869,45.558576],[7.568852,45.55874],[7.568832,45.558836],[7.568746,45.558928],[7.56866,45.559006],[7.568581,45.559073],[7.568531,45.559131],[7.568458,45.559181],[7.568385,45.55923],[7.568306,45.559267],[7.568228,45.559283],[7.568168,45.559299],[7.568098,45.559301],[7.56797,45.559313],[7.56776,45.559306],[7.567586,45.559317],[7.56743,45.559344],[7.567309,45.559381],[7.567207,45.559413],[7.567133,45.559492],[7.567083,45.559559],[7.567045,45.559638],[7.566995,45.559739],[7.566939,45.559809],[7.566799,45.5599],[7.566617,45.559995],[7.566531,45.560094],[7.566468,45.560199],[7.566358,45.560294],[7.566218,45.560368],[7.566036,45.560458],[7.565945,45.560504],[7.565877,45.560595],[7.565778,45.560729],[7.565565,45.560882],[7.565394,45.56098],[7.565248,45.561067],[7.565108,45.561158],[7.564992,45.561261],[7.564836,45.561285],[7.56468,45.561299],[7.564541,45.561348],[7.564443,45.561439],[7.564351,45.561514],[7.56433,45.561627],[7.564255,45.561769],[7.564174,45.561882],[7.56411,45.562033],[7.564062,45.562272],[7.564033,45.562477],[7.563968,45.562679],[7.563898,45.563077],[7.563907,45.56317],[7.563895,45.563306],[7.563938,45.563365],[7.564043,45.563484],[7.564141,45.563607],[7.564198,45.563743],[7.564273,45.563845],[7.564378,45.563964],[7.56446,45.564036],[7.564455,45.564242],[7.564415,45.564381],[7.56439,45.564418],[7.56436,45.564418],[7.564183,45.564794],[7.564131,45.56497],[7.564117,45.56526],[7.564244,45.565464],[7.564426,45.565613],[7.564597,45.565721],[7.564769,45.565761],[7.5649,45.565817],[7.565116,45.566022],[7.565374,45.566183],[7.56568,45.566259],[7.565996,45.56626],[7.566307,45.566276],[7.566691,45.566273],[7.566931,45.56625],[7.567164,45.566242],[7.567525,45.566191],[7.567753,45.566164],[7.568646,45.566174],[7.569156,45.566106],[7.569523,45.566052],[7.569654,45.566062],[7.56983,45.566447],[7.569857,45.5668],[7.5699,45.567011],[7.569958,45.567092],[7.570152,45.567204],[7.570204,45.567284],[7.5702,45.567444],[7.57027,45.567542],[7.570392,45.567653],[7.570491,45.567801],[7.570523,45.567953],[7.570476,45.568146],[7.5704,45.568296],[7.570396,45.568456],[7.570459,45.568558],[7.570534,45.568693],[7.570563,45.568938],[7.570564,45.569135],[7.570482,45.569311],[7.570467,45.569429],[7.570488,45.569534],[7.570634,45.5697],[7.570852,45.569858],[7.570997,45.570028],[7.571129,45.570257],[7.571124,45.570455],[7.570969,45.570646],[7.570852,45.570775],[7.570797,45.570833],[7.57078,45.571031],[7.57067,45.571341],[7.570653,45.57153],[7.570716,45.571648],[7.570724,45.571808],[7.570577,45.572033],[7.570709,45.572166],[7.570922,45.572286],[7.571039,45.572393],[7.571336,45.572542],[7.571687,45.572586],[7.572023,45.572544],[7.57236,45.572472],[7.572627,45.572447],[7.572881,45.572475],[7.573035,45.572565],[7.573115,45.572709],[7.573129,45.572873],[7.573167,45.573021],[7.573169,45.573181],[7.573149,45.573277],[7.573151,45.573399],[7.573137,45.573513],[7.573058,45.573554],[7.572878,45.573539],[7.572793,45.573601],[7.572801,45.573752],[7.572871,45.574086],[7.572828,45.574333],[7.572946,45.574598],[7.573008,45.574808],[7.572968,45.574863],[7.572984,45.574931],[7.572972,45.574974],[7.572973,45.575069],[7.572992,45.575114],[7.572978,45.575256],[7.572954,45.575309],[7.572919,45.575371],[7.572848,45.575435],[7.572839,45.575489],[7.572791,45.575572],[7.572789,45.575665],[7.572808,45.575712],[7.572816,45.575818],[7.572835,45.575865],[7.572823,45.575924],[7.572829,45.575985],[7.572861,45.576048],[7.57285,45.576082],[7.572811,45.576098],[7.572755,45.576119],[7.572726,45.576147],[7.572708,45.576227],[7.572714,45.576294],[7.572717,45.57641],[7.572733,45.576473],[7.572762,45.57652],[7.572758,45.576586],[7.572724,45.576629],[7.572641,45.576678],[7.57256,45.576742],[7.572572,45.576885],[7.572592,45.576909],[7.572614,45.576945],[7.57263,45.577012],[7.57261,45.577099],[7.572564,45.577188],[7.572542,45.57724],[7.572564,45.577298],[7.572603,45.577355],[7.572671,45.577399],[7.572667,45.577464],[7.572633,45.577501],[7.572573,45.577547],[7.57248,45.577598],[7.572405,45.577622],[7.572317,45.577685],[7.5723,45.577741],[7.572319,45.577793],[7.57231,45.57785],[7.572281,45.577882],[7.572266,45.577966],[7.572246,45.578037],[7.572258,45.578097],[7.572259,45.578163],[7.572194,45.578178],[7.57215,45.578217],[7.572136,45.578271],[7.572102,45.578312],[7.5721,45.578365],[7.572125,45.578403],[7.572152,45.57844],[7.572223,45.578444],[7.572337,45.57848],[7.572415,45.578534],[7.572454,45.578619],[7.572462,45.578696],[7.572486,45.578749],[7.572512,45.578856],[7.572495,45.578919],[7.572524,45.57898],[7.572564,45.579088],[7.572561,45.579205],[7.572545,45.579249],[7.572502,45.579339],[7.572493,45.579399],[7.572527,45.579448],[7.572534,45.5795],[7.572559,45.57952],[7.572614,45.579553],[7.57271,45.57959],[7.572765,45.579625],[7.572857,45.579649],[7.572909,45.579682],[7.572929,45.579718],[7.572981,45.579755],[7.573006,45.579797],[7.573058,45.579851],[7.573078,45.579892],[7.573084,45.579937],[7.573085,45.580011],[7.573059,45.58003],[7.572975,45.580029],[7.572903,45.580037],[7.572882,45.580057],[7.572832,45.58011],[7.572767,45.580148],[7.572693,45.580241],[7.572641,45.580305],[7.572642,45.580349],[7.572633,45.580409],[7.572583,45.580469],[7.572538,45.580527],[7.572519,45.580579],[7.572525,45.580638],[7.57256,45.580657],[7.57256,45.580685],[7.572554,45.580705],[7.572518,45.580723],[7.572494,45.580744],[7.572478,45.580792],[7.572479,45.58086],[7.57247,45.580991],[7.572433,45.581051],[7.572439,45.58112],[7.572437,45.581215],[7.572436,45.581317],[7.572398,45.581343],[7.572356,45.581375],[7.572316,45.581425],[7.572251,45.58149],[7.57218,45.581563],[7.572142,45.581664],[7.572166,45.58172],[7.57219,45.581789],[7.572221,45.581861],[7.572219,45.581956],[7.572195,45.581991],[7.57214,45.582043],[7.57209,45.582092],[7.572014,45.582168],[7.571957,45.582221],[7.571868,45.582285],[7.571772,45.58235],[7.571668,45.582427],[7.571608,45.582472],[7.571523,45.582522],[7.57143,45.582559],[7.571339,45.582622],[7.57134,45.582658],[7.57137,45.582714],[7.571402,45.582851],[7.571407,45.582957],[7.571429,45.582993],[7.571432,45.583073],[7.571452,45.583102],[7.571489,45.583133],[7.571518,45.583205],[7.571556,45.583206],[7.571592,45.583204],[7.571645,45.583225],[7.571751,45.583271],[7.571755,45.583311],[7.571772,45.583375],[7.571796,45.583428],[7.571799,45.583494],[7.571798,45.583653],[7.571788,45.58382],[7.571778,45.58391],[7.57174,45.583936],[7.571675,45.583967],[7.571643,45.58401],[7.571547,45.584063],[7.571453,45.584142],[7.571375,45.584234],[7.571345,45.584291],[7.5713,45.584361],[7.571258,45.584396],[7.571198,45.584458],[7.571148,45.584525],[7.571118,45.584572],[7.571051,45.584625],[7.571016,45.584673],[7.570981,45.584755],[7.570957,45.584785],[7.570916,45.584808],[7.570907,45.584852],[7.57088,45.584909],[7.570807,45.584971],[7.570718,45.585045],[7.570668,45.585107],[7.570632,45.585136],[7.570517,45.58522],[7.570398,45.585298],[7.570315,45.585334],[7.57025,45.585387],[7.570168,45.585428],[7.570126,45.585499],[7.570064,45.585541],[7.57009,45.585584],[7.570301,45.586579],[7.571059,45.587638],[7.571478,45.588106],[7.5719,45.588431],[7.572917,45.589424],[7.572785,45.589483],[7.572569,45.589498],[7.57224,45.589526],[7.571833,45.589554],[7.571129,45.589706],[7.571032,45.589727],[7.570386,45.590001],[7.569804,45.590364],[7.5694838,45.5905302],[7.5690848,45.5907372],[7.5686859,45.5909442],[7.568191,45.591201],[7.568024,45.591319],[7.567791,45.591404],[7.5674522,45.5914256],[7.567039,45.591452],[7.566257,45.591453],[7.566064,45.591445],[7.565778,45.59138],[7.5654351,45.5912809],[7.564432,45.590991],[7.563755,45.590685],[7.5631,45.590426],[7.562863,45.590366],[7.562099,45.590273],[7.561349,45.590237],[7.560511,45.590251],[7.559807,45.590317],[7.559532,45.590298],[7.5593159,45.5902709],[7.559021,45.590234],[7.558553,45.590207],[7.558316,45.590167],[7.55757,45.589954],[7.556739,45.58986],[7.556294,45.589792],[7.555981,45.589809],[7.555737,45.589774],[7.555325,45.589571],[7.55457,45.589425],[7.553083,45.588837],[7.552705,45.588765],[7.551337,45.588727],[7.550132,45.588742],[7.549357,45.58879],[7.548308,45.588797],[7.548063,45.588486],[7.547954,45.58838],[7.548038,45.588042],[7.548139,45.587855],[7.548091,45.587682],[7.547962,45.587519],[7.547422,45.587314],[7.546966,45.587177],[7.5466469,45.5869492],[7.546557,45.586885],[7.545916,45.586673],[7.545771,45.586493],[7.545306,45.586367],[7.545032,45.586332],[7.544863,45.586231],[7.544651,45.586113],[7.543508,45.585717],[7.543401,45.585528],[7.542846,45.58515],[7.540798,45.584095],[7.5401,45.583762],[7.54042,45.583161],[7.540455,45.582978],[7.540385,45.582805],[7.538809,45.58162],[7.538105,45.581209],[7.537099,45.580731],[7.536444,45.580457],[7.535231,45.579631],[7.534036,45.578968],[7.533503,45.57858],[7.532995,45.577816],[7.532697,45.577531],[7.532031,45.577101],[7.531581,45.576972],[7.53094,45.576842],[7.530406,45.576812],[7.529646,45.576821],[7.529038,45.576912],[7.528269,45.576988],[7.527531,45.576884],[7.52528,45.57676],[7.524265,45.576656],[7.523507,45.576827],[7.523006,45.576794],[7.521537,45.576784],[7.520281,45.576808],[7.519995,45.576877],[7.519517,45.576925],[7.519077,45.577525],[7.518834,45.577694],[7.518225,45.578057],[7.51753,45.578274],[7.516715,45.5787],[7.515963,45.578855],[7.51549,45.578944],[7.515325,45.579109],[7.515127,45.57927],[7.514742,45.579459],[7.514052,45.579731],[7.512765,45.580175],[7.512051,45.580378],[7.511751,45.580524],[7.511285,45.580608],[7.510178,45.580811],[7.509703,45.58075],[7.509177,45.580911],[7.5087232,45.5809548],[7.50868,45.580959],[7.508513,45.581215],[7.5084054,45.5813019],[7.50831,45.581379],[7.508019,45.581468],[7.507545,45.581744],[7.506862,45.581989],[7.506402,45.5822],[7.505668,45.582303],[7.50502,45.582435],[7.504302,45.582547],[7.504628,45.582912],[7.505006,45.583363],[7.505684,45.584319],[7.505843,45.584562],[7.506076,45.584889],[7.50659,45.586274],[7.506656,45.586525],[7.506667,45.586731],[7.506558,45.587024],[7.506379,45.58737],[7.50618,45.587671],[7.505568,45.588529],[7.505494,45.589076],[7.505886,45.58951],[7.505753,45.590375],[7.504997,45.591225],[7.504731,45.5926],[7.504518,45.593282],[7.504344,45.593601],[7.504201,45.593885],[7.503667,45.594181],[7.503444,45.594271],[7.502745,45.594598],[7.501747,45.595424],[7.501509,45.595603],[7.501298,45.595743],[7.501006,45.595864],[7.500636,45.596065],[7.500237,45.596262],[7.499384,45.596736],[7.499005,45.597115],[7.498494,45.597653],[7.498427,45.597804],[7.498421,45.598066],[7.498314,45.5992],[7.498086,45.599104],[7.498086,45.599105],[7.489488,45.59548],[7.489278,45.59551],[7.489107,45.595567],[7.488905,45.595651],[7.488735,45.595684],[7.488445,45.595703],[7.488063,45.595744],[7.487637,45.595819],[7.4873,45.595904],[7.487116,45.595975],[7.486916,45.596],[7.486682,45.596017],[7.486031,45.59594],[7.48556,45.59597],[7.485427,45.596004],[7.485277,45.596076],[7.484873,45.596261],[7.48463,45.596335],[7.48437,45.596386],[7.484237,45.596417],[7.483822,45.596219],[7.4837018,45.5961492],[7.4835173,45.5961278],[7.4833131,45.5960939],[7.4830571,45.5960111],[7.482935,45.595938],[7.4828884,45.5958642],[7.48283,45.595773],[7.4827488,45.5957075],[7.482619,45.595656],[7.4825242,45.5956295],[7.4824152,45.5955947],[7.4823143,45.5955902],[7.4822241,45.5956134],[7.481968,45.595676],[7.4818834,45.5956911],[7.4818243,45.5957064],[7.4816598,45.5957009],[7.481543,45.595748],[7.4813675,45.5957822],[7.4809368,45.5958108],[7.4804373,45.5958798],[7.4802018,45.5959193],[7.479711,45.5959987],[7.479281,45.5960192],[7.4789736,45.5960022],[7.4786976,45.5959845],[7.4784734,45.5959801],[7.4780763,45.5960005],[7.4778594,45.5959776],[7.477769,45.5959097],[7.4773819,45.5958883],[7.4773585,45.5958316],[7.4773619,45.5957662],[7.4772883,45.5956036],[7.476968,45.595476],[7.476555,45.595453],[7.4764266,45.5953515],[7.4762593,45.595336],[7.4760988,45.5953573],[7.475878,45.595368],[7.475694,45.595329],[7.4754053,45.5952895],[7.475199,45.595267],[7.4750685,45.5951293],[7.4750254,45.5950903],[7.4749231,45.5950516],[7.4747119,45.5949913],[7.4744929,45.5949754],[7.474298,45.594978],[7.4741586,45.5949185],[7.4740254,45.5947529],[7.4740847,45.5947131],[7.4744957,45.5944494],[7.474693,45.5943911],[7.4748326,45.5943085],[7.4749832,45.5941764],[7.4750269,45.5940159],[7.4749864,45.5938677],[7.4747509,45.593861],[7.4745003,45.5939457],[7.4743498,45.5939835],[7.4741194,45.5939836],[7.4737549,45.5939724],[7.473597,45.593958],[7.473568,45.593935],[7.473286,45.593964],[7.4731823,45.5938945],[7.4730868,45.5938227],[7.4730651,45.5937815],[7.4730441,45.5937165],[7.4729229,45.5937893],[7.4728852,45.5938352],[7.4729241,45.5936244],[7.4728148,45.5935995],[7.4725807,45.5937325],[7.4723551,45.5937614],[7.4722714,45.5937856],[7.472107,45.5938485],[7.471683,45.593991],[7.4713557,45.5940597],[7.471153,45.594132],[7.4709485,45.5941265],[7.4704692,45.5941656],[7.4698052,45.5941289],[7.469662,45.5941557],[7.4694668,45.5941708],[7.4693184,45.5940887],[7.469289,45.5939663],[7.4691446,45.5940345],[7.4690021,45.5940654],[7.468956,45.594016],[7.468887,45.59401],[7.468725,45.594077],[7.468448,45.594275],[7.46834,45.594314],[7.468038,45.594329],[7.467687,45.594376],[7.467479,45.594388],[7.467351,45.594435],[7.467247,45.594538],[7.467161,45.594581],[7.466985,45.59462],[7.466773,45.594643],[7.466051,45.594571],[7.465691,45.594647],[7.465461,45.594718],[7.465352,45.59477],[7.465308,45.594915],[7.46524,45.595047],[7.465073,45.595149],[7.464737,45.595226],[7.464392,45.59524],[7.464042,45.595232],[7.463761,45.595228],[7.463573,45.5952],[7.463355,45.595156],[7.463189,45.595037],[7.463077,45.594995],[7.462669,45.594913],[7.462521,45.594911],[7.46239,45.594934],[7.46213,45.594964],[7.461794,45.595012],[7.461383,45.595103],[7.461203,45.595108],[7.460923,45.595047],[7.460536,45.595051],[7.460223,45.595073],[7.459829,45.595127],[7.459639,45.595106],[7.459544,45.595071],[7.458925,45.594884],[7.458899,45.594876],[7.458853,45.594823],[7.458766,45.594784],[7.458647,45.594772],[7.458552,45.594773],[7.458467,45.594789],[7.458419,45.594826],[7.458379,45.594905],[7.458349,45.594999],[7.458344,45.595078],[7.458321,45.595173],[7.458285,45.595241],[7.45825,45.595303],[7.458208,45.59534],[7.458159,45.595395],[7.458117,45.595423],[7.458009,45.595426],[7.457883,45.595431],[7.457764,45.595451],[7.457546,45.595479],[7.457434,45.595492],[7.457294,45.595495],[7.457202,45.59551],[7.457032,45.595551],[7.456793,45.595602],[7.456704,45.595627],[7.456513,45.595649],[7.456371,45.595656],[7.456266,45.59564],[7.456164,45.595656],[7.455973,45.595684],[7.455915,45.595695],[7.455863,45.595721],[7.455728,45.595695],[7.455653,45.595713],[7.455574,45.595748],[7.455516,45.595787],[7.455478,45.595813],[7.455433,45.595822],[7.455368,45.595864],[7.455319,45.595913],[7.455263,45.59596],[7.455222,45.595995],[7.455167,45.596011],[7.455086,45.596003],[7.455025,45.595983],[7.45492,45.595996],[7.454865,45.596003],[7.4548,45.596042],[7.454708,45.596055],[7.454619,45.596068],[7.454562,45.596063],[7.454508,45.596026],[7.454455,45.59599],[7.454354,45.595977],[7.454259,45.595961],[7.454232,45.595953],[7.454197,45.595986],[7.454163,45.596003],[7.454088,45.596002],[7.454045,45.595982],[7.453995,45.595931],[7.45389,45.59593],[7.453774,45.595945],[7.453656,45.595943],[7.4535,45.595925],[7.453382,45.595911],[7.453236,45.595921],[7.453018,45.595956],[7.452751,45.596017],[7.452485,45.596077],[7.452304,45.596123],[7.452226,45.596126],[7.45204,45.596112],[7.451888,45.596084],[7.45178,45.596068],[7.451675,45.596045],[7.451604,45.596027],[7.451455,45.596014],[7.451367,45.596029],[7.451295,45.596057],[7.45124,45.596082],[7.451074,45.59608],[7.450921,45.596078],[7.450816,45.596062],[7.450657,45.596072],[7.450428,45.596107],[7.450142,45.596141],[7.450024,45.596144],[7.449865,45.596116],[7.449761,45.596081],[7.449649,45.59607],[7.449511,45.596037],[7.449376,45.596009],[7.449275,45.595996],[7.449217,45.595995],[7.449172,45.596028],[7.449025,45.596059],[7.448902,45.596107],[7.448768,45.596156],[7.448676,45.59619],[7.448563,45.596208],[7.448471,45.596211],[7.44837,45.596203],[7.44834,45.596169],[7.448273,45.596156],[7.448215,45.596162],[7.44813,45.596159],[7.448049,45.596141],[7.447971,45.596145],[7.447896,45.596161],[7.447818,45.596157],[7.447707,45.596137],[7.447633,45.596095],[7.447542,45.596084],[7.447416,45.596094],[7.447324,45.596108],[7.447249,45.59614],[7.447116,45.596148],[7.446967,45.596153],[7.446861,45.596187],[7.446809,45.596231],[7.446773,45.596279],[7.446738,45.596328],[7.446684,45.596337],[7.446565,45.596333],[7.446473,45.596332],[7.446314,45.596344],[7.446228,45.596359],[7.44615,45.596365],[7.446064,45.5964],[7.445962,45.59643],[7.445846,45.596447],[7.445774,45.59647],[7.445726,45.596493],[7.445688,45.596523],[7.445579,45.596522],[7.445474,45.596521],[7.445348,45.59655],[7.445246,45.596567],[7.445183,45.596609],[7.445104,45.596666],[7.445062,45.596717],[7.44502,45.596741],[7.444918,45.596744],[7.44482,45.596743],[7.444697,45.596767],[7.444543,45.59681],[7.444455,45.596835],[7.444308,45.596848],[7.444155,45.596874],[7.444062,45.596916],[7.444,45.59696],[7.443952,45.596993],[7.443798,45.597014],[7.443743,45.597042],[7.443676,45.597139],[7.443603,45.597212],[7.443538,45.597237],[7.44348,45.597255],[7.44334,45.597263],[7.443228,45.597262],[7.443164,45.59727],[7.443092,45.5973],[7.44305,45.597333],[7.442995,45.597344],[7.442957,45.59737],[7.442879,45.59739],[7.442793,45.59742],[7.442711,45.597443],[7.442633,45.597456],[7.442557,45.597495],[7.442495,45.597533],[7.442447,45.597539],[7.442405,45.597588],[7.44238,45.597624],[7.442301,45.597656],[7.44224,45.597677],[7.442164,45.597707],[7.442102,45.597763],[7.44204,45.597788],[7.441935,45.597777],[7.441891,45.597777],[7.441816,45.597804],[7.441676,45.597836],[7.441604,45.597854],[7.441501,45.597879],[7.44146,45.597907],[7.441412,45.597915],[7.441324,45.597919],[7.441235,45.597946],[7.441156,45.597964],[7.441044,45.597977],[7.440905,45.597992],[7.440796,45.597993],[7.440647,45.597972],[7.440428,45.597945],[7.440252,45.597923],[7.440039,45.597906],[7.439917,45.597902],[7.439708,45.597942],[7.439592,45.597972],[7.439489,45.598044],[7.439401,45.598126],[7.439282,45.598165],[7.439206,45.598193],[7.439097,45.598208],[7.439036,45.598214],[7.438978,45.598228],[7.438906,45.598241],[7.438856,45.598235],[7.438805,45.598211],[7.438742,45.598189],[7.438678,45.598173],[7.438607,45.598163],[7.438525,45.598176],[7.438463,45.598185],[7.438402,45.598203],[7.43831,45.598223],[7.438215,45.598224],[7.438093,45.598218],[7.437984,45.598209],[7.437897,45.598184],[7.437792,45.598168],[7.437688,45.59815],[7.437623,45.598142],[7.437529,45.598103],[7.437428,45.598085],[7.43735,45.598072],[7.437252,45.598068],[7.437102,45.598092],[7.43699,45.598108],[7.436871,45.598123],[7.436769,45.598131],[7.436623,45.598133],[7.436514,45.598122],[7.43645,45.598107],[7.436427,45.598081],[7.436381,45.598056],[7.436255,45.598045],[7.436086,45.598031],[7.435954,45.598029],[7.435767,45.59805],[7.43562,45.598067],[7.435484,45.598085],[7.435294,45.598087],[7.435243,45.598088],[7.435187,45.598035],[7.435072,45.598007],[7.434982,45.597978],[7.434925,45.597946],[7.4348,45.597939],[7.434613,45.597927],[7.434471,45.59793],[7.434338,45.597952],[7.434199,45.597948],[7.434148,45.597935],[7.434074,45.597927],[7.434019,45.597933],[7.433895,45.597877],[7.433798,45.597838],[7.433728,45.597813],[7.433633,45.597809],[7.433491,45.597783],[7.43337,45.597756],[7.433272,45.597723],[7.433155,45.597681],[7.433047,45.597651],[7.432854,45.597641],[7.43261,45.597638],[7.432452,45.597679],[7.432292,45.597719],[7.432094,45.597752],[7.431934,45.597776],[7.43173,45.597807],[7.431621,45.597822],[7.431501,45.597849],[7.431358,45.597866],[7.431243,45.597869],[7.43107,45.597869],[7.430969,45.597846],[7.430854,45.597828],[7.430773,45.597806],[7.430662,45.59778],[7.430554,45.597755],[7.430504,45.597733],[7.430454,45.597699],[7.430452,45.597642],[7.430434,45.597415],[7.430459,45.597256],[7.430465,45.597175],[7.430504,45.597111],[7.430559,45.597083],[7.430624,45.597065],[7.430652,45.597047],[7.430697,45.596985],[7.43075,45.596924],[7.430765,45.596889],[7.430749,45.596824],[7.430741,45.596745],[7.430727,45.596669],[7.430677,45.596614],[7.430632,45.596544],[7.430582,45.596496],[7.430519,45.596442],[7.430438,45.596417],[7.430303,45.596406],[7.430222,45.596407],[7.43014,45.596418],[7.430049,45.596379],[7.430006,45.596335],[7.430008,45.596283],[7.430054,45.596207],[7.430113,45.59617],[7.430169,45.596111],[7.430207,45.596086],[7.430243,45.59601],[7.430285,45.595944],[7.430273,45.595886],[7.430234,45.595845],[7.430211,45.595805],[7.430257,45.595731],[7.430259,45.595689],[7.430246,45.595638],[7.430225,45.595545],[7.430193,45.595483],[7.430168,45.595418],[7.430171,45.595309],[7.430182,45.595285],[7.430189,45.595252],[7.430136,45.59522],[7.430072,45.595188],[7.430017,45.595116],[7.429963,45.59508],[7.429923,45.595053],[7.429795,45.595042],[7.429605,45.595037],[7.429361,45.595019],[7.429209,45.595019],[7.429113,45.595028],[7.429005,45.595038],[7.428893,45.595027],[7.428778,45.595016],[7.428717,45.595005],[7.428429,45.595001],[7.428219,45.594999],[7.428143,45.59505],[7.42803,45.595075],[7.427836,45.595093],[7.427693,45.595118],[7.427588,45.595126],[7.427434,45.594945],[7.4273,45.594735],[7.427279,45.594526],[7.42737,45.594353],[7.425408,45.594352],[7.424533,45.594526],[7.420448,45.594992],[7.420398,45.594993],[7.419828,45.595169],[7.419897,45.595208],[7.419289,45.595449],[7.418906,45.595463],[7.418681,45.595519],[7.41832,45.595509],[7.417871,45.595599],[7.417266,45.595768],[7.416795,45.595526],[7.416368,45.595625],[7.416581,45.595759],[7.416571,45.595773],[7.415992,45.595792],[7.415992,45.595921],[7.415549,45.595786],[7.415561,45.595998],[7.415032,45.595832],[7.415019,45.595841],[7.415054,45.595961],[7.414681,45.595853],[7.414711,45.595997],[7.414462,45.59613],[7.41404,45.596054],[7.413593,45.595953],[7.413333,45.595958],[7.413309,45.595958],[7.413161,45.59591],[7.413078,45.595859],[7.413023,45.595833],[7.412812,45.595819],[7.412713,45.595848],[7.412493,45.595871],[7.41236,45.595888],[7.412176,45.595912],[7.411839,45.595979],[7.411733,45.596024],[7.411539,45.596109],[7.411398,45.596174],[7.41111,45.596338],[7.410718,45.596428],[7.410143,45.596537],[7.404303,45.595143],[7.401483,45.59447],[7.400961,45.594433],[7.400373,45.594394],[7.399852,45.594399],[7.399676,45.594402],[7.39946,45.594439],[7.399154,45.594347],[7.398963,45.594274],[7.398527,45.594167],[7.397986,45.594044],[7.397823,45.594034],[7.397554,45.594012],[7.397552,45.59396],[7.397441,45.593729],[7.397292,45.593629],[7.397263,45.593605],[7.396942,45.593344],[7.396735,45.592975],[7.396567,45.592782],[7.396436,45.592637],[7.396375,45.592577],[7.396003,45.592527],[7.39581,45.59246],[7.395803,45.592454],[7.395624,45.592281],[7.395418,45.592179],[7.395289,45.592106],[7.395193,45.592049],[7.395058,45.59196],[7.394968,45.59193],[7.394745,45.591916],[7.394621,45.591834],[7.394516,45.591767],[7.394377,45.591558],[7.394061,45.591371],[7.393912,45.591254],[7.393877,45.591229],[7.393762,45.591146],[7.393609,45.591055],[7.3934789,45.5909889],[7.3933912,45.5908672],[7.3933392,45.5908],[7.393302,45.5906399],[7.3924489,45.590556],[7.3924727,45.5905404],[7.3923297,45.590372],[7.392262,45.590389],[7.391341,45.590203],[7.391271,45.590173],[7.391124,45.590227],[7.391102,45.590233],[7.390838,45.590204],[7.390734,45.590128],[7.390764,45.590101],[7.390723,45.590065],[7.390632,45.590085],[7.390533,45.59014],[7.390344,45.590241],[7.390233,45.590258],[7.389978,45.590328],[7.389852,45.590372],[7.389721,45.590437],[7.389637,45.59044],[7.389494,45.590403],[7.389269,45.590406],[7.388663,45.59061],[7.38851,45.590721],[7.388466,45.590807],[7.388352,45.590901],[7.388227,45.590947],[7.38817,45.591013],[7.3879877,45.5912024],[7.3878007,45.5912726],[7.3875406,45.5914129],[7.3874075,45.5914571],[7.3872919,45.591501],[7.3871546,45.5915737],[7.3869848,45.5916121],[7.386939,45.591616],[7.3866151,45.5917013],[7.3865005,45.5917273],[7.3864022,45.5917411],[7.3863023,45.5918021],[7.3861506,45.5918081],[7.3860333,45.5918473],[7.3857336,45.5923949],[7.3855729,45.5925706],[7.3854782,45.5927159],[7.3853601,45.592882],[7.3852451,45.592963],[7.3851741,45.5930148],[7.3851028,45.5930749],[7.3849963,45.5931467],[7.3849213,45.5931777],[7.384903,45.593286],[7.384831,45.593336],[7.384724,45.59343],[7.384604,45.5935],[7.384231,45.593553],[7.384069,45.593572],[7.383997,45.593586],[7.383852,45.593621],[7.383769,45.593663],[7.383683,45.593724],[7.383617,45.593793],[7.383594,45.593846],[7.3835585,45.5938387],[7.383483,45.593865],[7.383276,45.593885],[7.3831449,45.5939273],[7.383066,45.593928],[7.382988,45.593805],[7.382891,45.593699],[7.382869,45.593658],[7.382831,45.593674],[7.38277,45.593693],[7.382665,45.59375],[7.3826,45.593785],[7.382583,45.593831],[7.382538,45.593936],[7.382505,45.593999],[7.382479,45.594067],[7.382411,45.594134],[7.382368,45.594269],[7.382354,45.594307],[7.382285,45.59435],[7.382242,45.594372],[7.382052,45.594478],[7.381856,45.594583],[7.381497,45.594806],[7.381358,45.594863],[7.381186,45.594919],[7.381049,45.595003],[7.380902,45.595182],[7.380862,45.595304],[7.3806242,45.5954701],[7.3805442,45.5955681],[7.3804972,45.5956391],[7.3802373,45.5959094],[7.3801583,45.5959684],[7.3801113,45.5959984],[7.3800923,45.5960104],[7.3800223,45.5960554],[7.3799823,45.5961014],[7.3799473,45.5961424],[7.3798763,45.5962004],[7.3798263,45.5962424],[7.3797873,45.5962774],[7.3796717,45.5964049],[7.3795807,45.5965149],[7.3795637,45.5965409],[7.3795247,45.5965829],[7.3795117,45.5966259],[7.3794567,45.5966509],[7.3794327,45.5967099],[7.3794227,45.5967829],[7.3793899,45.5969221],[7.3793399,45.5970201],[7.3793279,45.5970531],[7.3792919,45.5971465],[7.3792545,45.5971999],[7.3791907,45.5972697],[7.3791449,45.5973608],[7.379134,45.597449],[7.3793733,45.5975147],[7.3791129,45.5976304],[7.379053,45.5977182],[7.3789429,45.5977394],[7.378918,45.5977751],[7.378875,45.5978411],[7.3788633,45.5979424],[7.3788838,45.5980349],[7.3788504,45.5980892],[7.3788039,45.5981584],[7.3786587,45.5981751],[7.3786062,45.5981926],[7.3785959,45.5982778],[7.378717,45.598325],[7.378795,45.598402],[7.378976,45.598333],[7.379231,45.598261],[7.379346,45.598503],[7.379421,45.598646],[7.379365,45.598664],[7.379462,45.598774],[7.379581,45.598918],[7.379582,45.598918],[7.379434,45.598982],[7.379307,45.599028],[7.379142,45.599097],[7.378933,45.599171],[7.378851,45.599219],[7.378671,45.599314],[7.378526,45.599403],[7.378409,45.599466],[7.378326,45.599529],[7.378221,45.599644],[7.378181,45.599719],[7.378139,45.59979],[7.378071,45.599897],[7.3780666,45.6000535],[7.3780534,45.600253],[7.3780587,45.6004114],[7.378022,45.600536],[7.37808,45.600994],[7.378115,45.601333],[7.378137,45.601512],[7.378139,45.601653],[7.378102,45.601762],[7.378049,45.601847],[7.377968,45.601953],[7.377846,45.60207],[7.377662,45.602222],[7.377547,45.602328],[7.377415,45.602404],[7.377326,45.602463],[7.377108,45.602581],[7.376929,45.602671],[7.376758,45.602728],[7.376608,45.60275],[7.376442,45.60275],[7.376279,45.602745],[7.376096,45.60276],[7.375936,45.602779],[7.375728,45.602804],[7.375581,45.602843],[7.375465,45.602872],[7.375253,45.602929],[7.37516,45.602972],[7.37507,45.603021],[7.374795,45.603165],[7.374636,45.603248],[7.374519,45.603316],[7.374337,45.603399],[7.374137,45.603489],[7.373875,45.603635],[7.373641,45.603765],[7.373479,45.603839],[7.373324,45.603918],[7.373097,45.604015],[7.373018,45.604073],[7.372914,45.60415],[7.372828,45.604187],[7.372681,45.60423],[7.37256,45.604286],[7.37242,45.604331],[7.372327,45.604363],[7.372245,45.604415],[7.372096,45.604515],[7.371961,45.604592],[7.371846,45.604702],[7.371745,45.604788],[7.371616,45.604901],[7.371485,45.604985],[7.371391,45.60505],[7.371246,45.605136],[7.371153,45.605192],[7.37104,45.605243],[7.370858,45.605314],[7.370758,45.605372],[7.370668,45.605428],[7.370588,45.605479],[7.370291,45.605432],[7.370262,45.605435],[7.36969,45.605592],[7.369639,45.605622],[7.369429,45.605675],[7.369374,45.605717],[7.369287,45.6058],[7.369154,45.605982],[7.368942,45.606065],[7.368921,45.606178],[7.368838,45.606238],[7.368726,45.606326],[7.368615,45.606384],[7.368497,45.606457],[7.368415,45.606486],[7.368223,45.606487],[7.368151,45.606518],[7.368078,45.60655],[7.367972,45.606563],[7.367844,45.606543],[7.367786,45.606539],[7.367638,45.606501],[7.367588,45.6065],[7.36753,45.606529],[7.367466,45.606583],[7.36739,45.606599],[7.367323,45.606571],[7.367163,45.606538],[7.367049,45.606485],[7.366906,45.606487],[7.36682,45.606477],[7.366733,45.606485],[7.36666,45.606452],[7.366491,45.606414],[7.366237,45.606377],[7.366138,45.606347],[7.366067,45.606336],[7.366012,45.606349],[7.3658968,45.6063496],[7.3657962,45.6063314],[7.3657712,45.6063314],[7.3657052,45.6063364],[7.3656062,45.6063224],[7.3655092,45.6063154],[7.3654202,45.6063054],[7.3653432,45.6063204],[7.3652788,45.6063224],[7.365211,45.6063121],[7.3650955,45.6063145],[7.3650035,45.6063185],[7.3649685,45.6063345],[7.3649125,45.6063455],[7.3648575,45.6063275],[7.364781,45.6063461],[7.364757,45.6063511],[7.364656,45.6064021],[7.364601,45.6064241],[7.3643077,45.6064662],[7.3638038,45.606529],[7.3635154,45.6066924],[7.3633464,45.6067525],[7.3631991,45.606813],[7.3630744,45.6068308],[7.3630041,45.6068337],[7.3629384,45.6068532],[7.3628452,45.6068733],[7.3627345,45.6068877],[7.361913,45.60679],[7.361642,45.606776],[7.361313,45.60676],[7.360476,45.605872],[7.360493,45.605825],[7.360388,45.605709],[7.360296,45.605457],[7.360225,45.605476],[7.360088,45.605433],[7.359834,45.605398],[7.359532,45.605352],[7.359467,45.605284],[7.359366,45.605184],[7.359215,45.605077],[7.359038,45.605028],[7.358777,45.604828],[7.358734,45.604747],[7.358742,45.604705],[7.358689,45.604646],[7.358684,45.604614],[7.358675,45.604555],[7.358654,45.60451],[7.358668,45.6044224],[7.3583225,45.6042763],[7.358011,45.604294],[7.3578855,45.6042829],[7.3578058,45.6042579],[7.3577695,45.6041835],[7.3577125,45.6041304],[7.3576741,45.6041008],[7.3576565,45.604062],[7.3576362,45.6040099],[7.3575853,45.6039123],[7.3574679,45.6038242],[7.3574086,45.6037647],[7.3573306,45.6037007],[7.3572461,45.6036715],[7.3572275,45.6036036],[7.3571739,45.6035399],[7.3571355,45.6035023],[7.3570961,45.6034799],[7.3570895,45.6034537],[7.3570822,45.603425],[7.3570172,45.603369],[7.3569202,45.603281],[7.3568519,45.6032177],[7.3567153,45.6030939],[7.3566212,45.6030172],[7.3564735,45.6028939],[7.3564189,45.6028413],[7.3563949,45.6027823],[7.3563549,45.6027443],[7.3562839,45.6026853],[7.3561899,45.6026183],[7.3561279,45.6025833],[7.3560783,45.602509],[7.3560113,45.602449],[7.3559556,45.6023794],[7.3559048,45.6023092],[7.3558535,45.6022418],[7.3557496,45.6021718],[7.3556816,45.6021211],[7.3556666,45.6020508],[7.355574,45.602009],[7.355558,45.601982],[7.355514,45.601944],[7.355445,45.601898],[7.355393,45.601856],[7.355342,45.601809],[7.355276,45.601741],[7.355176,45.601667],[7.355087,45.601602],[7.355021,45.601544],[7.354898,45.601436],[7.354799,45.601335],[7.354657,45.601174],[7.3546143,45.6010463],[7.35454,45.6009422],[7.3544916,45.6008092],[7.3544192,45.6007008],[7.3543776,45.6006298],[7.3542966,45.6005321],[7.3541722,45.6005116],[7.3540681,45.6004456],[7.3539357,45.60041],[7.3538446,45.6003623],[7.353741,45.6003047],[7.353688,45.6002617],[7.3536327,45.6002284],[7.3535766,45.6001646],[7.3535102,45.6001193],[7.3533904,45.6000505],[7.353258,45.59996],[7.353185,45.59991],[7.353138,45.599899],[7.353,45.599847],[7.352872,45.5998],[7.35272,45.599755],[7.352591,45.599721],[7.352477,45.599685],[7.35238,45.59964],[7.35228,45.599655],[7.352137,45.599678],[7.351941,45.599701],[7.35187,45.599644],[7.351786,45.599628],[7.351729,45.599613],[7.351587,45.599577],[7.351534,45.599564],[7.351433,45.599538],[7.351432,45.599538],[7.351429,45.599538],[7.351246,45.599538],[7.351243,45.599653],[7.351184,45.599711],[7.351134,45.599773],[7.351095,45.599846],[7.351028,45.599928],[7.350937,45.600027],[7.350854,45.60009],[7.350768,45.600139],[7.350661,45.600187],[7.350564,45.600257],[7.350474,45.600313],[7.350374,45.600366],[7.350335,45.600425],[7.350278,45.600517],[7.350203,45.600652],[7.350145,45.600768],[7.350125,45.600892],[7.350103,45.601037],[7.350086,45.601165],[7.350007,45.60149],[7.350005,45.60149],[7.349941,45.60115],[7.349849,45.601135],[7.349849,45.601278],[7.349778,45.601366],[7.349613,45.601343],[7.349453,45.601574],[7.349576,45.601676],[7.349528,45.601854],[7.349473,45.601828],[7.349444,45.601831],[7.349439,45.601887],[7.349463,45.601936],[7.349439,45.602132],[7.349419,45.602163],[7.349288,45.602146],[7.349251,45.602191],[7.349122,45.602207],[7.349137,45.602278],[7.348995,45.602334],[7.348963,45.6024],[7.34894,45.602451],[7.348928,45.602479],[7.348874,45.602565],[7.348913,45.602618],[7.348922,45.602762],[7.348914,45.602827],[7.348886,45.602826],[7.348872,45.603042],[7.348765,45.603131],[7.348587,45.603411],[7.348573,45.603716],[7.348619,45.603811],[7.348565,45.604202],[7.348574,45.604215],[7.348594,45.60424],[7.348824,45.604312],[7.348732,45.604519],[7.348519,45.60495],[7.348408,45.60523],[7.348577,45.605264],[7.348509,45.6055],[7.348499,45.605542],[7.348461,45.605597],[7.348391,45.605696],[7.348309,45.605703],[7.348308,45.605821],[7.348293,45.605928],[7.348271,45.606089],[7.348252,45.606497],[7.348225,45.606586],[7.348179,45.606824],[7.348407,45.607307],[7.348351,45.607467],[7.348276,45.607595],[7.34821,45.607751],[7.3481784,45.6078744],[7.3481571,45.6080064],[7.34809,45.608145],[7.348006,45.608236],[7.347908,45.608321],[7.347759,45.608431],[7.347672,45.608503],[7.347568,45.608578],[7.347324,45.608696],[7.347227,45.608761],[7.347024,45.608856],[7.346917,45.608921],[7.34689,45.60902],[7.346879,45.609168],[7.346875,45.609301],[7.346851,45.609441],[7.3468377,45.6094709],[7.346793,45.609567],[7.346739,45.609661],[7.346685,45.60977],[7.346665,45.609879],[7.346646,45.610046],[7.34664,45.610139],[7.346617,45.610238],[7.346598,45.610286],[7.346522,45.610344],[7.346422,45.610409],[7.346322,45.610458],[7.346188,45.610504],[7.3461084,45.6105391],[7.3460185,45.610559],[7.3458972,45.610604],[7.3458098,45.6106174],[7.3457,45.6106351],[7.3455852,45.6106668],[7.3454106,45.6106994],[7.3452374,45.6107304],[7.3450684,45.6107624],[7.3449353,45.6108081],[7.344803,45.6108664],[7.344689,45.610946],[7.344616,45.611021],[7.344525,45.611094],[7.344394,45.61118],[7.344314,45.611234],[7.34419,45.611306],[7.344075,45.61139],[7.344009,45.611439],[7.343923,45.611497],[7.343856,45.611572],[7.343757,45.611704],[7.3436947,45.6117305],[7.3435419,45.6118011],[7.3434649,45.6118437],[7.3433592,45.6119114],[7.34327,45.61199],[7.343178,45.612029],[7.343132,45.612076],[7.343063,45.612128],[7.343002,45.612217],[7.342983,45.612307],[7.34296,45.6124],[7.342963,45.612507],[7.342939,45.612628],[7.342883,45.612709],[7.342836,45.612789],[7.342787,45.612852],[7.3427155,45.612926],[7.3425851,45.6130147],[7.3424533,45.61309],[7.3423487,45.6131777],[7.342236,45.613252],[7.342148,45.613355],[7.342095,45.613404],[7.342077,45.613454],[7.342039,45.613492],[7.3419896,45.6135374],[7.3419494,45.6135991],[7.3418865,45.6137023],[7.3418044,45.6137913],[7.341742,45.61388],[7.341685,45.613963],[7.341642,45.61405],[7.341602,45.614131],[7.341562,45.614214],[7.34153,45.614263],[7.341474,45.614322],[7.341416,45.614364],[7.341306,45.614412],[7.34123,45.614454],[7.341141,45.614472],[7.341008,45.614477],[7.340879,45.614492],[7.340709,45.614501],[7.34059,45.614521],[7.340379,45.614518],[7.340335,45.614529],[7.340232,45.614556],[7.340139,45.6146],[7.34003,45.614613],[7.339918,45.61463],[7.3397561,45.6146302],[7.339617,45.614695],[7.339488,45.614722],[7.339296,45.614764],[7.339105,45.614816],[7.338988,45.614874],[7.33888,45.614944],[7.338817,45.615026],[7.338768,45.61508],[7.338699,45.615122],[7.338616,45.615176],[7.338518,45.615265],[7.33848,45.615283],[7.338391,45.61533],[7.338252,45.6153625],[7.3381571,45.6154021],[7.3380309,45.6154675],[7.3379162,45.6155095],[7.3378064,45.6155753],[7.3377138,45.6156009],[7.3376542,45.6156386],[7.337517,45.615731],[7.337445,45.615747],[7.337393,45.615787],[7.3373249,45.6158086],[7.3372627,45.6158566],[7.3371671,45.6159022],[7.3370717,45.6160002],[7.3370013,45.6160681],[7.3369587,45.6161358],[7.3368814,45.6162208],[7.336863,45.6162943],[7.3368455,45.6163443],[7.3368162,45.6163936],[7.336792,45.616471],[7.33672,45.616517],[7.336684,45.616569],[7.336648,45.616652],[7.3365716,45.6166939],[7.3365322,45.6167545],[7.3364282,45.6168109],[7.3363738,45.6168803],[7.336282,45.616966],[7.336209,45.617029],[7.33608,45.617154],[7.335961,45.617278],[7.335812,45.617381],[7.335712,45.617443],[7.335612,45.617475],[7.3354553,45.6174676],[7.3353038,45.6174943],[7.335138,45.6175234],[7.3350643,45.6175739],[7.335009,45.617671],[7.334953,45.617728],[7.33489,45.617786],[7.334847,45.617862],[7.334806,45.617895],[7.334784,45.617954],[7.334757,45.618042],[7.3347006,45.6181334],[7.3346395,45.618186],[7.334602,45.618242],[7.334533,45.618293],[7.334491,45.618335],[7.33443,45.618427],[7.334381,45.618477],[7.334349,45.618543],[7.334271,45.618642],[7.334249,45.618696],[7.334196,45.618774],[7.334145,45.61888],[7.334127,45.61894],[7.334076,45.619041],[7.334019,45.619131],[7.334024,45.619181],[7.333991,45.619269],[7.334001,45.619302],[7.333982,45.619369],[7.333983,45.619443],[7.33394,45.619509],[7.3339196,45.6195383],[7.3338658,45.6195711],[7.333837,45.6196375],[7.3337683,45.6197232],[7.3337089,45.619833],[7.3336566,45.6199223],[7.3336097,45.6199796],[7.3335796,45.6200336],[7.333601,45.62008],[7.333528,45.620138],[7.333441,45.620187],[7.333386,45.620229],[7.333241,45.620313],[7.333135,45.620349],[7.332983,45.620421],[7.332819,45.620452],[7.332669,45.620488],[7.332539,45.620488],[7.33239,45.620492],[7.332335,45.6205],[7.332248,45.620549],[7.332163,45.620575],[7.332027,45.620579],[7.33186,45.620615],[7.331697,45.620672],[7.331487,45.620747],[7.331197,45.620826],[7.331016,45.620909],[7.33086,45.621005],[7.330782,45.621055],[7.330665,45.621163],[7.330529,45.621292],[7.330459,45.621393],[7.330354,45.621486],[7.330274,45.621601],[7.330237,45.621854],[7.330206,45.622041],[7.330174,45.622127],[7.330189,45.622198],[7.330169,45.622284],[7.330077,45.62239],[7.329958,45.622528],[7.329819,45.622628],[7.329663,45.622747],[7.329452,45.622851],[7.329117,45.622989],[7.3289183,45.6230835],[7.328762,45.62324],[7.328571,45.623395],[7.328393,45.623529],[7.328145,45.623713],[7.327984,45.623857],[7.327811,45.623982],[7.327724,45.624053],[7.327657,45.624147],[7.327586,45.624277],[7.327547,45.624431],[7.327481,45.62451],[7.327389,45.624598],[7.327349,45.624675],[7.327338,45.624758],[7.327394,45.624851],[7.3273538,45.6249323],[7.327319,45.625109],[7.327257,45.625195],[7.327192,45.625253],[7.327136,45.625285],[7.327035,45.625376],[7.326962,45.62542],[7.32688,45.625451],[7.326772,45.625524],[7.326613,45.625581],[7.326515,45.625595],[7.326374,45.625628],[7.326298,45.625636],[7.326156,45.625694],[7.325968,45.62575],[7.325873,45.625794],[7.3257259,45.6258417],[7.325633,45.625868],[7.3254427,45.6259331],[7.3252925,45.6259848],[7.3250613,45.6260431],[7.3248181,45.6261214],[7.324645,45.626154],[7.324413,45.626234],[7.324224,45.626302],[7.324057,45.626383],[7.323958,45.626423],[7.323797,45.626546],[7.323671,45.626634],[7.323601,45.626722],[7.323536,45.62676],[7.323459,45.626791],[7.323375,45.626885],[7.323301,45.626962],[7.323163,45.627049],[7.323063,45.627104],[7.322797,45.627204],[7.322601,45.627255],[7.322499,45.627265],[7.322306,45.627313],[7.322114,45.627364],[7.3218782,45.6274494],[7.3217273,45.6275232],[7.321586,45.62757],[7.321491,45.627617],[7.321374,45.627698],[7.321236,45.627771],[7.321179,45.62785],[7.320825,45.62805],[7.320755,45.628121],[7.320537,45.628305],[7.320353,45.628511],[7.320303,45.628605],[7.320262,45.628694],[7.32025,45.62881],[7.320192,45.628919],[7.320161,45.629121],[7.320165,45.629258],[7.320166,45.629371],[7.320109,45.629555],[7.320119,45.629674],[7.320134,45.630023],[7.320111,45.630225],[7.320046,45.630412],[7.319949,45.630523],[7.31984,45.630614],[7.31973,45.630755],[7.319594,45.63089],[7.319485,45.631014],[7.31937,45.63114],[7.319287,45.631219],[7.319125,45.63141],[7.318928,45.631457],[7.318872,45.631502],[7.318801,45.631587],[7.318701,45.63169],[7.318645,45.63171],[7.318554,45.631783],[7.318518,45.63183],[7.318473,45.63191],[7.318369,45.632003],[7.318233,45.632129],[7.318126,45.632178],[7.317979,45.632257],[7.31788,45.632312],[7.317781,45.632346],[7.317678,45.632392],[7.317642,45.632451],[7.317548,45.632485],[7.317458,45.632505],[7.317368,45.632545],[7.317231,45.632579],[7.317157,45.63264],[7.317011,45.632716],[7.316894,45.632797],[7.316815,45.632871],[7.316779,45.632933],[7.316744,45.632997],[7.316674,45.633047],[7.316631,45.633076],[7.316558,45.633105],[7.316513,45.633176],[7.316418,45.633231],[7.316328,45.633286],[7.316211,45.633353],[7.31609,45.633434],[7.315963,45.633555],[7.315838,45.633624],[7.315751,45.633709],[7.315658,45.633809],[7.315519,45.633926],[7.315401,45.634029],[7.315285,45.634095],[7.315143,45.634159],[7.314954,45.634227],[7.314804,45.6343],[7.314658,45.634354],[7.314492,45.63436],[7.314436,45.634372],[7.314304,45.634408],[7.314103,45.634456],[7.313889,45.634506],[7.313715,45.634531],[7.313549,45.634525],[7.313451,45.634547],[7.313297,45.634584],[7.313126,45.634617],[7.31284,45.634678],[7.312746,45.634716],[7.312587,45.634767],[7.312548,45.634793],[7.312471,45.634825],[7.312347,45.634865],[7.312158,45.63493],[7.311956,45.635011],[7.31181,45.635077],[7.311676,45.635164],[7.311536,45.635296],[7.31144,45.635372],[7.311379,45.635452],[7.311234,45.635601],[7.31112,45.635707],[7.310986,45.635806],[7.310834,45.635917],[7.310678,45.636028],[7.310601,45.636056],[7.310437,45.636143],[7.310308,45.636198],[7.310196,45.63625],[7.310037,45.636313],[7.309861,45.636388],[7.309762,45.636434],[7.309598,45.636509],[7.309427,45.636554],[7.309192,45.636634],[7.309108,45.636725],[7.309005,45.636762],[7.30883,45.636795],[7.308677,45.636811],[7.308481,45.636829],[7.30823,45.636843],[7.308081,45.636867],[7.30792,45.636865],[7.307788,45.636872],[7.307614,45.636896],[7.3074,45.636944],[7.307181,45.637024],[7.306936,45.637118],[7.306666,45.637233],[7.306403,45.637349],[7.306227,45.63742],[7.306102,45.637499],[7.305942,45.637583],[7.305761,45.637681],[7.305566,45.637801],[7.30546,45.63782],[7.305297,45.637871],[7.305249,45.6379],[7.305172,45.63792],[7.3051,45.637919],[7.305061,45.637954],[7.304971,45.63797],[7.304932,45.638011],[7.30489,45.637999],[7.30483,45.638013],[7.304766,45.638039],[7.304773,45.638066],[7.304709,45.638091],[7.304693,45.63807],[7.304612,45.638069],[7.304547,45.638098],[7.304501,45.638103],[7.304436,45.638123],[7.304402,45.638149],[7.304312,45.63816],[7.304184,45.638183],[7.304082,45.638255],[7.304028,45.638251],[7.303796,45.638404],[7.30367,45.638443],[7.303614,45.638521],[7.303577,45.638495],[7.302068,45.637559],[7.302046,45.637539],[7.302023,45.637519],[7.301999,45.6375],[7.301974,45.637482],[7.301949,45.637464],[7.301922,45.637447],[7.301894,45.63743],[7.301866,45.637414],[7.301837,45.637399],[7.301807,45.637385],[7.301776,45.637371],[7.301745,45.637358],[7.301713,45.637346],[7.301681,45.637335],[7.301648,45.637324],[7.301614,45.637315],[7.30158,45.637306],[7.301546,45.637298],[7.301511,45.63729],[7.301476,45.637284],[7.301441,45.637279],[7.301405,45.637274],[7.301369,45.637271],[7.301333,45.637268],[7.301297,45.637266],[7.301261,45.637265],[7.301225,45.637265],[7.301189,45.637266],[7.301152,45.637267],[7.301116,45.63727],[7.30108,45.637273],[7.301045,45.637278],[7.301009,45.637283],[7.300974,45.637289],[7.300939,45.637296],[7.300905,45.637304],[7.300871,45.637312],[7.300837,45.637322],[7.300804,45.637332],[7.30076,45.637341],[7.300716,45.637349],[7.300671,45.637357],[7.300627,45.637363],[7.300581,45.637368],[7.300536,45.637373],[7.300491,45.637377],[7.300445,45.637379],[7.3004,45.637381],[7.300354,45.637382],[7.300308,45.637383],[7.300262,45.637382],[7.300217,45.63738],[7.300171,45.637378],[7.300126,45.637374],[7.30008,45.63737],[7.300035,45.637365],[7.29999,45.637359],[7.299946,45.637352],[7.299901,45.637344],[7.299857,45.637336],[7.299814,45.637326],[7.29977,45.637316],[7.299727,45.637305],[7.299685,45.637293],[7.299643,45.63728],[7.299602,45.637266],[7.299561,45.637252],[7.299521,45.637237],[7.299481,45.637221],[7.299442,45.637204],[7.299404,45.637186],[7.299366,45.637168],[7.299329,45.637149],[7.299308,45.63714],[7.299286,45.637132],[7.299264,45.637125],[7.299241,45.637118],[7.299218,45.637113],[7.299195,45.637108],[7.299171,45.637104],[7.299147,45.637101],[7.299122,45.637099],[7.299098,45.637097],[7.299073,45.637097],[7.299049,45.637097],[7.299024,45.637099],[7.299,45.637101],[7.298976,45.637104],[7.298952,45.637108],[7.298928,45.637113],[7.298905,45.637119],[7.298882,45.637126],[7.29886,45.637133],[7.298839,45.637141],[7.298818,45.63715],[7.298797,45.63716],[7.298778,45.63717],[7.298759,45.637181],[7.298741,45.637193],[7.298724,45.637206],[7.298708,45.637219],[7.298693,45.637232],[7.298679,45.637246],[7.298666,45.637261],[7.298654,45.637276],[7.298643,45.637291],[7.298633,45.637307],[7.2986,45.637346],[7.298566,45.637383],[7.29853,45.637421],[7.298493,45.637457],[7.298456,45.637494],[7.298417,45.637529],[7.298377,45.637564],[7.298336,45.637599],[7.298295,45.637633],[7.298252,45.637666],[7.298208,45.637699],[7.298164,45.637731],[7.298118,45.637763],[7.298072,45.637793],[7.298025,45.637824],[7.297977,45.637853],[7.297928,45.637882],[7.297878,45.63791],[7.297827,45.637937],[7.297776,45.637964],[7.297724,45.63799],[7.297671,45.638015],[7.297617,45.63804],[7.297563,45.638063],[7.297508,45.638086],[7.297452,45.638108],[7.297396,45.63813],[7.297339,45.63815],[7.297282,45.63817],[7.297224,45.638189],[7.297166,45.638207],[7.297107,45.638224],[7.297047,45.638241],[7.296987,45.638256],[7.296927,45.638271],[7.296866,45.638285],[7.296805,45.638298],[7.296743,45.63831],[7.296682,45.638321],[7.296619,45.638332],[7.296557,45.638341],[7.296494,45.63835],[7.296431,45.638357],[7.296368,45.638364],[7.296305,45.63837],[7.296241,45.638375],[7.296178,45.638379],[7.296141,45.638384],[7.296138,45.638467],[7.296154,45.638643],[7.296165,45.639119],[7.296203,45.639688],[7.295947,45.64003],[7.295699,45.640369],[7.295508,45.640485],[7.295279,45.640621],[7.295175,45.640649],[7.294962,45.640727],[7.29474,45.640786],[7.29453,45.640851],[7.294311,45.640931],[7.294113,45.641012],[7.293929,45.641063],[7.293815,45.641174],[7.293856,45.641648],[7.293898,45.641809],[7.293923,45.64197],[7.29393,45.642134],[7.29393,45.642298],[7.293981,45.642436],[7.294097,45.642573],[7.294361,45.642849],[7.294565,45.643034],[7.294331,45.643194],[7.294073,45.643318],[7.293746,45.643468],[7.293384,45.64365],[7.292973,45.643808],[7.292363,45.643963],[7.291793,45.644223],[7.291533,45.644333],[7.291264,45.644398],[7.291012,45.644433],[7.290764,45.644498],[7.29046,45.644607],[7.290151,45.644718],[7.289827,45.644802],[7.289647,45.64481],[7.289398,45.644796],[7.289012,45.644764],[7.288666,45.644726],[7.288399,45.644689],[7.287997,45.644717],[7.287715,45.644735],[7.287465,45.64472],[7.28739,45.644653],[7.287313,45.644539],[7.287203,45.644388],[7.287068,45.644211],[7.286852,45.643942],[7.286686,45.643803],[7.286549,45.643785],[7.286396,45.643763],[7.286141,45.643726],[7.285769,45.643688],[7.285561,45.643682],[7.285262,45.64369],[7.284997,45.64368],[7.284682,45.643693],[7.284378,45.643683],[7.284129,45.64369],[7.28385,45.643692],[7.283607,45.643739],[7.28323,45.643813],[7.282847,45.643906],[7.282569,45.643964],[7.28228,45.643993],[7.281974,45.643988],[7.281696,45.643978],[7.281434,45.644019],[7.281149,45.644039],[7.281021,45.644057],[7.280716,45.644047],[7.280167,45.643987],[7.279557,45.643911],[7.279329,45.643877],[7.279007,45.643848],[7.278756,45.643868],[7.27853,45.643913],[7.27835,45.643963],[7.277995,45.64405],[7.277712,45.644099],[7.277429,45.644125],[7.277246,45.644125],[7.276857,45.644078],[7.276625,45.644048],[7.276176,45.644017],[7.275365,45.644173],[7.274663,45.644349],[7.274318,45.644385],[7.274057,45.644389],[7.273932,45.644379],[7.273796,45.644398],[7.273481,45.64442],[7.273294,45.644438],[7.273095,45.644438],[7.272609,45.644469],[7.272425,45.644521],[7.272087,45.644616],[7.271796,45.644707],[7.271658,45.644809],[7.271464,45.644908],[7.271396,45.64485],[7.271393,45.644851],[7.271275,45.644742],[7.271074,45.644554],[7.270754,45.644374],[7.270349,45.644487],[7.270198,45.644622],[7.270104,45.64465],[7.269877,45.644725],[7.269724,45.64475],[7.269544,45.644783],[7.269309,45.644851],[7.269051,45.644945],[7.268879,45.645029],[7.268633,45.645147],[7.268474,45.645213],[7.268231,45.645382],[7.267983,45.645584],[7.2678,45.645742],[7.267661,45.645838],[7.267642,45.645866],[7.267608,45.645914],[7.267572,45.645982],[7.267598,45.646087],[7.267582,45.646191],[7.267529,45.646288],[7.267478,45.646407],[7.267422,45.646448],[7.267319,45.646482],[7.267221,45.646492],[7.267071,45.646552],[7.266963,45.646601],[7.266868,45.646665],[7.26682,45.646685],[7.266799,45.646679],[7.266796,45.646646],[7.266823,45.646608],[7.266931,45.646547],[7.267035,45.646474],[7.267143,45.646411],[7.26722,45.64637],[7.267247,45.646338],[7.267253,45.646287],[7.267186,45.646262],[7.267114,45.646258],[7.26695,45.646321],[7.266812,45.646394],[7.266734,45.646452],[7.266606,45.646492],[7.26643,45.646543],[7.266198,45.64664],[7.266031,45.646679],[7.265933,45.646678],[7.265853,45.646674],[7.265731,45.646648],[7.265655,45.646638],[7.265518,45.646672],[7.265432,45.646706],[7.265333,45.646752],[7.265225,45.646792],[7.265161,45.646815],[7.265102,45.646802],[7.265112,45.646749],[7.265186,45.646705],[7.265289,45.64665],[7.265444,45.64659],[7.265542,45.646559],[7.265586,45.646524],[7.265609,45.646477],[7.26558,45.646437],[7.265491,45.646427],[7.265372,45.646452],[7.265235,45.646495],[7.265021,45.646551],[7.264802,45.646607],[7.26464,45.646646],[7.264559,45.646666],[7.264334,45.646657],[7.264271,45.646641],[7.264326,45.64663],[7.264433,45.646616],[7.264531,45.646585],[7.264661,45.646522],[7.264781,45.646473],[7.264868,45.646424],[7.264983,45.646387],[7.265052,45.646364],[7.265053,45.646319],[7.264973,45.646303],[7.264863,45.64631],[7.264781,45.646324],[7.264657,45.646355],[7.264559,45.646371],[7.264457,45.64637],[7.26439,45.646348],[7.264311,45.646293],[7.264261,45.646269],[7.264147,45.646261],[7.264079,45.646272],[7.263929,45.646314],[7.263851,45.64634],[7.263715,45.646353],[7.263499,45.646343],[7.263283,45.646328],[7.263109,45.646319],[7.263004,45.646288],[7.262886,45.646277],[7.2628,45.646294],[7.262676,45.646325],[7.262633,45.646366],[7.262509,45.646379],[7.262416,45.64636],[7.262263,45.646372],[7.262165,45.6464],[7.262074,45.64645],[7.26209,45.646662],[7.262094,45.646875],[7.262086,45.646896],[7.262082,45.646908],[7.262078,45.646914],[7.262026,45.646997],[7.261944,45.647071],[7.261889,45.647174],[7.26209,45.647996],[7.262102,45.648179],[7.2621,45.648198],[7.262112,45.648329],[7.262117,45.648432],[7.26212,45.648554],[7.262123,45.648597],[7.262024,45.6486],[7.261851,45.648607],[7.261667,45.648614],[7.261504,45.648621],[7.261392,45.648617],[7.261243,45.648624],[7.260988,45.648637],[7.260768,45.648639],[7.260329,45.648653],[7.260138,45.648648],[7.259958,45.648657],[7.259736,45.64867],[7.259567,45.648677],[7.259421,45.648687],[7.25918,45.648676],[7.259064,45.648677],[7.258965,45.648693],[7.258864,45.648715],[7.258706,45.648744],[7.258602,45.648746],[7.258478,45.648752],[7.258378,45.648754],[7.25825,45.648752],[7.258143,45.648744],[7.258043,45.648754],[7.257918,45.648764],[7.257673,45.648778],[7.257482,45.648792],[7.256811,45.648835],[7.256711,45.648834],[7.256608,45.648808],[7.256548,45.648743],[7.2565,45.64869],[7.256426,45.648587],[7.256389,45.648505],[7.256333,45.648373],[7.256281,45.648265],[7.256236,45.648194],[7.256189,45.648164],[7.256145,45.648143],[7.256112,45.648117],[7.256041,45.648111],[7.255987,45.648107],[7.255904,45.648112],[7.255806,45.648118],[7.255769,45.648126],[7.255723,45.64815],[7.255683,45.648166],[7.255651,45.648194],[7.255612,45.648246],[7.255554,45.648329],[7.255519,45.648421],[7.25551,45.648454],[7.255457,45.648684],[7.255459,45.648724],[7.255445,45.648855],[7.255446,45.649018],[7.255107,45.649064],[7.253501,45.649278],[7.253462,45.649288],[7.253268,45.649284],[7.25327,45.6493],[7.253154,45.649296],[7.252818,45.649407],[7.25282,45.649448],[7.252701,45.649468],[7.252679,45.649477],[7.252115,45.649475],[7.25194,45.649475],[7.251713,45.649475],[7.251547,45.649493],[7.251388,45.649487],[7.251197,45.649503],[7.251016,45.649533],[7.250838,45.649601],[7.250666,45.649681],[7.250468,45.649756],[7.250296,45.649813],[7.250066,45.649861],[7.249724,45.649938],[7.249362,45.650003],[7.249116,45.650036],[7.248819,45.65005],[7.24859,45.650069],[7.248281,45.650117],[7.247994,45.650146],[7.24769,45.650193],[7.247423,45.650245],[7.24731,45.650288],[7.247111,45.650381],[7.246873,45.650515],[7.246668,45.650643],[7.246332,45.650842],[7.246133,45.650936],[7.245951,45.651],[7.245775,45.651027],[7.245667,45.651151],[7.245589,45.651212],[7.245506,45.651282],[7.245384,45.651336],[7.245339,45.651326],[7.245215,45.651295],[7.245072,45.651235],[7.244991,45.651196],[7.244892,45.651157],[7.244819,45.651143],[7.244792,45.651151],[7.244743,45.651151],[7.244701,45.651197],[7.244687,45.651232],[7.244673,45.651272],[7.244681,45.65131],[7.244684,45.651339],[7.244695,45.651386],[7.244733,45.651488],[7.24476,45.651541],[7.244791,45.651611],[7.24479,45.651649],[7.244793,45.651675],[7.244792,45.651707],[7.244737,45.651759],[7.24459,45.651835],[7.244438,45.651914],[7.244337,45.651959],[7.244211,45.652018],[7.244119,45.652028],[7.24399,45.65207],[7.243885,45.652109],[7.24352,45.65224],[7.243164,45.652359],[7.24303,45.652404],[7.242953,45.652438],[7.242658,45.652551],[7.242479,45.652617],[7.242313,45.652701],[7.242254,45.652743],[7.242143,45.652843],[7.242058,45.652944],[7.241983,45.653074],[7.241946,45.653162],[7.241896,45.653242],[7.241826,45.653291],[7.241774,45.65333],[7.241584,45.653451],[7.241443,45.653587],[7.241314,45.653721],[7.241197,45.653865],[7.241131,45.653928],[7.241033,45.654022],[7.240897,45.654115],[7.24081,45.654199],[7.240692,45.654269],[7.240529,45.654381],[7.240404,45.654464],[7.240203,45.654592],[7.24004,45.654695],[7.239857,45.654806],[7.239785,45.654831],[7.239667,45.654889],[7.239533,45.654963],[7.239347,45.655151],[7.239266,45.655242],[7.239171,45.655336],[7.239048,45.655465],[7.238966,45.655502],[7.2387,45.655624],[7.238468,45.655787],[7.238302,45.655973],[7.238179,45.656104],[7.238063,45.656229],[7.237913,45.656372],[7.237792,45.656444],[7.23764,45.656529],[7.237515,45.656604],[7.237463,45.656646],[7.23737,45.6567],[7.23049,45.658057],[7.223539,45.659183],[7.217492,45.659091],[7.209361,45.6589],[7.207901,45.658877],[7.206602,45.65887],[7.205755,45.658878],[7.205559,45.658736],[7.205311,45.658771],[7.20522,45.65878],[7.204918,45.658807],[7.204914,45.658738],[7.204655,45.657645],[7.204471,45.65744],[7.204278,45.657192],[7.203626,45.65732],[7.203257,45.657392],[7.203105,45.657436],[7.202888,45.657467],[7.202579,45.657514],[7.202301,45.657572],[7.202151,45.657608],[7.20222,45.657753],[7.202172,45.657794],[7.202161,45.657909],[7.20215,45.658006],[7.202143,45.658069],[7.202133,45.658135],[7.202177,45.658231],[7.202248,45.658319],[7.202294,45.658437],[7.20231,45.658472],[7.202315,45.658503],[7.202309,45.65854],[7.202286,45.658601],[7.202286,45.658699],[7.202296,45.658882],[7.20239,45.658919],[7.202431,45.658982],[7.202459,45.659043],[7.202406,45.659174],[7.202429,45.659208],[7.202382,45.659387],[7.202362,45.659434],[7.202294,45.659541],[7.202272,45.659595],[7.202245,45.65975],[7.202237,45.659796],[7.202224,45.659947],[7.202272,45.660074],[7.202276,45.660085],[7.202299,45.660258],[7.202306,45.660286],[7.202306,45.660344],[7.202308,45.660394],[7.202343,45.660547],[7.202371,45.660678],[7.202391,45.660745],[7.20242,45.6608],[7.202425,45.660829],[7.202421,45.660888],[7.202424,45.660916],[7.202409,45.660946],[7.202386,45.66102],[7.202353,45.661071],[7.202349,45.661109],[7.202344,45.661332],[7.202344,45.661359],[7.202376,45.66146],[7.202398,45.661506],[7.2024,45.661624],[7.202402,45.661719],[7.202342,45.661803],[7.202279,45.661893],[7.202255,45.661945],[7.202231,45.662127],[7.202251,45.662233],[7.202249,45.662376],[7.202241,45.662452],[7.202224,45.662503],[7.202187,45.662578],[7.202155,45.662617],[7.202151,45.662673],[7.202123,45.662713],[7.202113,45.662748],[7.202075,45.662809],[7.202058,45.662833],[7.202003,45.663041],[7.201991,45.663134],[7.201984,45.663262],[7.201979,45.66335],[7.201975,45.66349],[7.201976,45.663514],[7.201977,45.663526],[7.202008,45.663574],[7.202025,45.663627],[7.202033,45.663668],[7.202032,45.663683],[7.202019,45.663729],[7.202003,45.663782],[7.202032,45.663823],[7.202036,45.663866],[7.202018,45.663913],[7.202022,45.663994],[7.202057,45.664065],[7.202076,45.66411],[7.202083,45.664166],[7.202058,45.664241],[7.202043,45.664285],[7.20206,45.664366],[7.20205,45.664457],[7.202041,45.664709],[7.20204,45.664836],[7.202018,45.664879],[7.201982,45.664951],[7.201963,45.665033],[7.201981,45.665109],[7.202037,45.665167],[7.20195,45.665189],[7.201896,45.665352],[7.201813,45.665409],[7.201828,45.66547],[7.201857,45.66553],[7.201811,45.665618],[7.201794,45.665655],[7.201654,45.665636],[7.201651,45.665853],[7.201688,45.666168],[7.201704,45.666183],[7.201672,45.666238],[7.201636,45.666298],[7.201652,45.666428],[7.201639,45.666459],[7.201622,45.666505],[7.2016,45.666688],[7.201602,45.666749],[7.201587,45.666788],[7.201565,45.66681],[7.201548,45.666857],[7.201485,45.667005],[7.201343,45.667232],[7.201329,45.667286],[7.201278,45.66737],[7.20126,45.667404],[7.201199,45.667478],[7.201137,45.667583],[7.201059,45.667675],[7.200999,45.667804],[7.200973,45.667838],[7.200894,45.667964],[7.20085,45.668032],[7.200808,45.668103],[7.200785,45.668167],[7.200771,45.668231],[7.200746,45.668271],[7.200676,45.668436],[7.200591,45.668637],[7.200572,45.668692],[7.200516,45.668747],[7.200407,45.668859],[7.200356,45.668963],[7.200312,45.669047],[7.200281,45.669146],[7.200313,45.669287],[7.20031,45.669325],[7.200307,45.669345],[7.200294,45.669397],[7.20026,45.66948],[7.200237,45.669573],[7.200244,45.669662],[7.200301,45.669782],[7.200307,45.669796],[7.200313,45.669823],[7.200309,45.669838],[7.200287,45.669869],[7.200198,45.67],[7.200161,45.670059],[7.200138,45.670111],[7.200126,45.670121],[7.200069,45.67017],[7.199988,45.670298],[7.199955,45.670397],[7.199953,45.6704],[7.199873,45.670486],[7.199808,45.670587],[7.199757,45.670624],[7.199727,45.670645],[7.199631,45.670687],[7.199377,45.670949],[7.199274,45.671081],[7.199188,45.671194],[7.199127,45.671274],[7.199064,45.671407],[7.199031,45.671463],[7.199018,45.671508],[7.198965,45.671599],[7.198927,45.671677],[7.198917,45.671731],[7.198883,45.671791],[7.198858,45.671896],[7.198833,45.67196],[7.198788,45.672017],[7.198756,45.672073],[7.198696,45.672224],[7.198695,45.672267],[7.198677,45.672343],[7.198676,45.672375],[7.198628,45.672499],[7.198588,45.672554],[7.198598,45.672574],[7.19859,45.672584],[7.19857,45.672691],[7.198576,45.672725],[7.198549,45.672805],[7.198541,45.672914],[7.19849,45.673008],[7.198454,45.673061],[7.198435,45.673112],[7.198401,45.673181],[7.1983795,45.6732405],[7.198362,45.673289],[7.198247,45.673493],[7.198243,45.673517],[7.198184,45.673616],[7.198099,45.673848],[7.198095,45.673924],[7.198069,45.674018],[7.198112,45.674346],[7.198117,45.674401],[7.198097,45.674578],[7.198021,45.674682],[7.197964,45.674776],[7.197936,45.674861],[7.197899,45.674976],[7.197882,45.675064],[7.197859,45.675123],[7.19785,45.675327],[7.197835,45.675414],[7.19782,45.675443],[7.197766,45.675562],[7.197752,45.675594],[7.197718,45.675656],[7.19771,45.67568],[7.19769,45.675707],[7.197636,45.675823],[7.197598,45.675928],[7.197573,45.675966],[7.197532,45.67609],[7.197505,45.676126],[7.197437,45.676191],[7.197425,45.6762],[7.1973105,45.6762581],[7.19722,45.676304],[7.197195,45.676328],[7.197167,45.676344],[7.197124,45.67638],[7.197057,45.676457],[7.197031,45.676517],[7.197023,45.676554],[7.196964,45.676686],[7.196962,45.676726],[7.196947,45.676775],[7.196906,45.676832],[7.196881,45.67687],[7.196819,45.676927],[7.196781,45.676997],[7.196784,45.677064],[7.196771,45.677093],[7.196773,45.67715],[7.196746,45.677256],[7.196729,45.677277],[7.196677,45.677391],[7.196639,45.677503],[7.196629,45.677534],[7.196599,45.67758],[7.196596,45.67765],[7.196544,45.677728],[7.196488,45.677783],[7.196417,45.677888],[7.196386,45.677985],[7.196371,45.678073],[7.196375,45.678146],[7.196366,45.678202],[7.196336,45.678369],[7.196327,45.678468],[7.196317,45.678474],[7.196242,45.678489],[7.196165,45.67852],[7.196018,45.678619],[7.195939,45.67873],[7.195875,45.678785],[7.195742,45.678854],[7.195702,45.67888],[7.195666,45.67891],[7.195607,45.678973],[7.195597,45.679016],[7.195536,45.679109],[7.195533,45.679183],[7.195489,45.679282],[7.195493,45.67934],[7.195504,45.679465],[7.195413,45.679556],[7.195352,45.679606],[7.1953,45.679669],[7.195301,45.679798],[7.19529,45.679859],[7.195243,45.679937],[7.195223,45.680017],[7.195129,45.680024],[7.194997,45.680178],[7.194957,45.68026],[7.194926,45.680285],[7.194771,45.680334],[7.194674,45.680381],[7.194568,45.680486],[7.19452,45.680581],[7.194513,45.680601],[7.194488,45.68063],[7.194384,45.680708],[7.194223,45.680787],[7.194126,45.680887],[7.194151,45.681021],[7.194018,45.681112],[7.193791,45.681241],[7.193534,45.681534],[7.193435,45.681682],[7.193324,45.681719],[7.193172,45.681716],[7.19304,45.681717],[7.192874,45.681694],[7.192714,45.681676],[7.192582,45.681692],[7.192432,45.681721],[7.192279,45.681765],[7.19198,45.681766],[7.191724,45.681748],[7.191469,45.681722],[7.191194,45.681685],[7.191365,45.681574],[7.19145,45.681237],[7.191513,45.680989],[7.191483,45.680904],[7.191387,45.680775],[7.191343,45.680715],[7.191199,45.680524],[7.191076,45.680507],[7.190814,45.68047],[7.190573,45.680436],[7.190407,45.680438],[7.190256,45.680406],[7.190119,45.680377],[7.189964,45.680345],[7.189813,45.680319],[7.189671,45.680294],[7.189519,45.680253],[7.189418,45.680253],[7.189316,45.680251],[7.189215,45.680251],[7.189061,45.680218],[7.188926,45.680175],[7.188758,45.68016],[7.188632,45.680133],[7.188471,45.680088],[7.188294,45.680021],[7.188272,45.680013],[7.18825,45.680006],[7.188228,45.679998],[7.188206,45.679991],[7.188183,45.679984],[7.188161,45.679977],[7.188138,45.67997],[7.188116,45.679964],[7.188093,45.679958],[7.18807,45.679952],[7.188047,45.679946],[7.188024,45.67994],[7.188,45.679935],[7.187977,45.67993],[7.187953,45.679925],[7.18793,45.67992],[7.187906,45.679916],[7.187882,45.679911],[7.187859,45.679907],[7.187835,45.679904],[7.187811,45.6799],[7.187787,45.679897],[7.187763,45.679893],[7.187738,45.679891],[7.187714,45.679888],[7.18769,45.679885],[7.187666,45.679883],[7.187641,45.679881],[7.187617,45.679879],[7.187592,45.679878],[7.187568,45.679876],[7.187544,45.679875],[7.187519,45.679874],[7.187495,45.679874],[7.18747,45.679873],[7.187446,45.679873],[7.187421,45.679873],[7.187396,45.679874],[7.187372,45.679874],[7.187347,45.679875],[7.187323,45.679876],[7.187299,45.679877],[7.187274,45.679878],[7.18725,45.67988],[7.187225,45.679882],[7.187201,45.679884],[7.187177,45.679886],[7.187152,45.679889],[7.187128,45.679892],[7.187104,45.679894],[7.18708,45.679898],[7.187056,45.679901],[7.187032,45.679905],[7.187008,45.679909],[7.186984,45.679913],[7.186961,45.679917],[7.186937,45.679922],[7.186913,45.679927],[7.18689,45.679931],[7.186867,45.679937],[7.186843,45.679942],[7.18682,45.679948],[7.186797,45.679954],[7.186774,45.67996],[7.186751,45.679966],[7.186729,45.679973],[7.186706,45.679979],[7.185819,45.678962],[7.184551,45.678149],[7.184487,45.678093],[7.184339,45.678008],[7.184305,45.678044],[7.18415,45.67796],[7.184175,45.677942],[7.183987,45.677886],[7.183971,45.677882],[7.183858,45.677749],[7.183754,45.677816],[7.183117,45.677982],[7.182903,45.67802],[7.182899,45.677974],[7.182888,45.677919],[7.182868,45.677869],[7.18285,45.67783],[7.182825,45.677788],[7.182795,45.677749],[7.182756,45.677709],[7.182683,45.677644],[7.18265,45.677614],[7.182647,45.677611],[7.182634,45.677594],[7.182616,45.677568],[7.182595,45.67753],[7.182567,45.67746],[7.182552,45.677399],[7.182525,45.677296],[7.182496,45.677185],[7.182468,45.677082],[7.182441,45.676986],[7.182401,45.676867],[7.182314,45.676626],[7.18227,45.676528],[7.182253,45.676476],[7.182233,45.676399],[7.182168,45.676238],[7.182166,45.676229],[7.182166,45.676172],[7.182176,45.676036],[7.182182,45.675978],[7.18218,45.675911],[7.182168,45.675864],[7.182151,45.675819],[7.181744,45.675133],[7.181576,45.674889],[7.181522,45.674828],[7.181486,45.674788],[7.181448,45.674749],[7.181405,45.674711],[7.181169,45.674505],[7.180982,45.674366],[7.180665,45.674144],[7.180548,45.674075],[7.180489,45.674005],[7.180443,45.673953],[7.18038,45.673882],[7.180379,45.673881],[7.180359,45.673837],[7.180329,45.673765],[7.180312,45.673732],[7.180296,45.673707],[7.180269,45.673662],[7.180245,45.673631],[7.180231,45.673613],[7.180219,45.673598],[7.180182,45.673553],[7.18018,45.673545],[7.180168,45.673491],[7.180154,45.673451],[7.180127,45.673408],[7.18009,45.673367],[7.180051,45.673339],[7.180016,45.673317],[7.179968,45.673295],[7.179914,45.673274],[7.179807,45.673231],[7.179658,45.673187],[7.17953,45.673155],[7.179425,45.673133],[7.179347,45.673121],[7.179203,45.673103],[7.178916,45.673071],[7.178857,45.673064],[7.178819,45.672989],[7.178793,45.672947],[7.17877,45.672913],[7.178721,45.67285],[7.178701,45.672825],[7.178677,45.672798],[7.178646,45.672771],[7.178612,45.672745],[7.178569,45.672715],[7.178523,45.672692],[7.178475,45.672668],[7.178405,45.672642],[7.178354,45.672627],[7.178291,45.672613],[7.178215,45.672603],[7.178145,45.672602],[7.178088,45.672604],[7.178036,45.672612],[7.177976,45.672621],[7.177931,45.672625],[7.177886,45.672567],[7.177806,45.672468],[7.177764,45.672413],[7.177729,45.672372],[7.177704,45.672342],[7.177647,45.672283],[7.177573,45.672209],[7.177447,45.672091],[7.17733,45.672006],[7.177191,45.671916],[7.177037,45.67181],[7.17691,45.671721],[7.17681,45.671644],[7.176779,45.671614],[7.176758,45.671591],[7.17674,45.671528],[7.176715,45.671465],[7.176687,45.671421],[7.17666,45.671387],[7.176633,45.671357],[7.176591,45.67131],[7.17658,45.671296],[7.176577,45.67129],[7.176558,45.671258],[7.176525,45.671202],[7.17648,45.671157],[7.176444,45.671127],[7.176402,45.671092],[7.176326,45.671028],[7.176252,45.670972],[7.176152,45.670909],[7.176117,45.67089],[7.176093,45.670872],[7.176,45.67082],[7.175913,45.670774],[7.175848,45.670739],[7.175772,45.670711],[7.17563,45.670661],[7.175459,45.67061],[7.175326,45.670568],[7.175233,45.670539],[7.175162,45.670523],[7.174972,45.670489],[7.174849,45.670466],[7.174793,45.670453],[7.174753,45.670442],[7.174742,45.670439],[7.174731,45.670432],[7.174622,45.670364],[7.174393,45.670195],[7.174281,45.670126],[7.17419,45.670072],[7.174051,45.67],[7.173942,45.669947],[7.173767,45.66984],[7.173703,45.669809],[7.173635,45.669783],[7.173566,45.669765],[7.173492,45.669753],[7.173409,45.669745],[7.173285,45.669733],[7.173228,45.66973],[7.173182,45.669717],[7.17313,45.669699],[7.173106,45.669688],[7.173078,45.669671],[7.173024,45.66964],[7.172997,45.669622],[7.172965,45.6696],[7.172892,45.669539],[7.172815,45.669473],[7.172663,45.669354],[7.172517,45.669253],[7.17247,45.669223],[7.17236,45.66916],[7.172199,45.669073],[7.172041,45.669002],[7.171936,45.668965],[7.17188,45.668947],[7.171846,45.668933],[7.17179,45.668905],[7.171658,45.668839],[7.171606,45.66881],[7.171572,45.66879],[7.171534,45.668765],[7.171484,45.668728],[7.171442,45.6687],[7.171406,45.668677],[7.171355,45.668645],[7.171289,45.668611],[7.171216,45.668574],[7.171146,45.668543],[7.171075,45.668517],[7.171002,45.668496],[7.170934,45.668476],[7.170906,45.668433],[7.170873,45.668389],[7.170833,45.66835],[7.170797,45.668325],[7.170767,45.668303],[7.170699,45.668256],[7.170629,45.668213],[7.170582,45.66819],[7.170514,45.668164],[7.170455,45.668152],[7.170392,45.668137],[7.170384,45.668136],[7.170379,45.668133],[7.170362,45.668122],[7.170337,45.668105],[7.170319,45.66809],[7.17025,45.668021],[7.170178,45.667969],[7.170079,45.667914],[7.16999,45.667871],[7.169919,45.667843],[7.169841,45.667818],[7.169764,45.667802],[7.169689,45.667794],[7.169565,45.667788],[7.169435,45.667783],[7.169381,45.667777],[7.169292,45.667757],[7.169184,45.667751],[7.169119,45.667749],[7.169044,45.667751],[7.168966,45.667756],[7.168861,45.667768],[7.168796,45.667772],[7.168716,45.667776],[7.168495,45.667783],[7.168328,45.66779],[7.168282,45.667791],[7.168232,45.667789],[7.168167,45.667786],[7.16813,45.667784],[7.168113,45.667783],[7.168112,45.667782],[7.168081,45.66777],[7.168003,45.667738],[7.167877,45.667683],[7.167751,45.667633],[7.167678,45.667605],[7.167589,45.667576],[7.167473,45.667542],[7.167447,45.667536],[7.167438,45.667528],[7.167403,45.667495],[7.167333,45.667427],[7.1673,45.667396],[7.167259,45.66736],[7.167224,45.667328],[7.167167,45.667288],[7.167113,45.667255],[7.167067,45.66723],[7.167032,45.667211],[7.166996,45.667194],[7.166953,45.667175],[7.166889,45.667156],[7.166868,45.66715],[7.166865,45.667148],[7.166864,45.667147],[7.166759,45.667068],[7.1666,45.666948],[7.166541,45.666905],[7.166481,45.666869],[7.166442,45.66685],[7.166402,45.666832],[7.166365,45.666817],[7.16632,45.6668],[7.166127,45.666747],[7.166097,45.666737],[7.166079,45.666731],[7.166063,45.666723],[7.166041,45.666711],[7.166028,45.666704],[7.165935,45.666645],[7.165893,45.666619],[7.165852,45.666597],[7.165801,45.666577],[7.165757,45.666564],[7.165698,45.666549],[7.165652,45.666543],[7.165634,45.666534],[7.165509,45.666528],[7.16506,45.666519],[7.164939,45.666528],[7.164878,45.66656],[7.164844,45.666554],[7.164777,45.666543],[7.16476,45.666514],[7.164723,45.666475],[7.164712,45.666427],[7.164694,45.666319],[7.164672,45.666217],[7.164616,45.6661],[7.164597,45.666034],[7.164549,45.665943],[7.164513,45.665874],[7.164469,45.665791],[7.164418,45.665694],[7.164275,45.665502],[7.164171,45.665363],[7.164147,45.665312],[7.164111,45.665258],[7.163992,45.665103],[7.163885,45.664994],[7.163761,45.664876],[7.163637,45.664748],[7.163559,45.664672],[7.163419,45.664523],[7.163332,45.664426],[7.163236,45.664362],[7.163137,45.664286],[7.163053,45.664237],[7.162886,45.664123],[7.162765,45.664053],[7.162615,45.663952],[7.162464,45.66386],[7.162372,45.663804],[7.162235,45.663703],[7.162168,45.663655],[7.162094,45.663582],[7.16202,45.663494],[7.161945,45.663433],[7.161892,45.663369],[7.161835,45.663302],[7.161756,45.663238],[7.161686,45.663169],[7.161583,45.663059],[7.16148,45.662926],[7.161395,45.662814],[7.161351,45.662727],[7.161314,45.662658],[7.16127,45.66257],[7.161202,45.662449],[7.161166,45.662371],[7.161118,45.662269],[7.16105,45.662157],[7.160976,45.66206],[7.160902,45.661984],[7.160836,45.661906],[7.160789,45.661797],[7.160705,45.661617],[7.160673,45.66155],[7.160649,45.661505],[7.160633,45.661463],[7.160618,45.661415],[7.160599,45.661352],[7.16057,45.661316],[7.160533,45.661279],[7.160492,45.661234],[7.160459,45.661188],[7.160418,45.661131],[7.160369,45.661073],[7.160303,45.661],[7.16025,45.660943],[7.160209,45.660891],[7.160155,45.66084],[7.160064,45.660755],[7.159993,45.660709],[7.159927,45.660651],[7.159837,45.660545],[7.159788,45.660463],[7.159735,45.660382],[7.159686,45.660315],[7.159641,45.660261],[7.159597,45.66017],[7.159561,45.660125],[7.159524,45.660058],[7.159504,45.660016],[7.159489,45.659977],[7.159473,45.659941],[7.159471,45.659851],[7.159452,45.659806],[7.159507,45.659785],[7.159624,45.659725],[7.159812,45.65958],[7.160001,45.659407],[7.160201,45.659319],[7.160299,45.659235],[7.160337,45.659112],[7.160368,45.659008],[7.160411,45.658927],[7.16057,45.658844],[7.160785,45.658724],[7.160841,45.658649],[7.160872,45.658559],[7.160982,45.658489],[7.160954,45.658461],[7.16095,45.658461],[7.160785,45.658349],[7.160718,45.658375],[7.160662,45.658392],[7.160595,45.658406],[7.160521,45.658414],[7.160436,45.658418],[7.160366,45.658423],[7.160289,45.658416],[7.160204,45.658404],[7.160106,45.658378],[7.160033,45.658349],[7.159968,45.658318],[7.159902,45.658282],[7.159838,45.658236],[7.159765,45.658177],[7.159693,45.658106],[7.159645,45.658042],[7.159578,45.657958],[7.159466,45.657834],[7.159363,45.657738],[7.159312,45.657652],[7.159213,45.65752],[7.159181,45.657479],[7.159121,45.657389],[7.159076,45.657368],[7.159066,45.657272],[7.158994,45.65718],[7.158902,45.657088],[7.158844,45.657011],[7.158724,45.656933],[7.158565,45.656802],[7.158453,45.6567],[7.158333,45.656632],[7.158289,45.656521],[7.158129,45.656422],[7.158,45.656301],[7.157942,45.656249],[7.1579,45.656198],[7.157866,45.656167],[7.157835,45.656137],[7.157803,45.656094],[7.157766,45.656054],[7.157747,45.656034],[7.157708,45.65597],[7.157673,45.655923],[7.157597,45.655805],[7.157542,45.655735],[7.157535,45.655708],[7.157492,45.65565],[7.157439,45.655562],[7.157382,45.655466],[7.157387,45.655364],[7.15747,45.655236],[7.157553,45.655149],[7.157622,45.655027],[7.15763,45.654989],[7.157632,45.654941],[7.157645,45.654899],[7.157653,45.654854],[7.157624,45.654767],[7.157614,45.654743],[7.157566,45.65465],[7.157518,45.654605],[7.157455,45.654571],[7.157403,45.654543],[7.15734,45.654521],[7.157221,45.654492],[7.157172,45.654446],[7.157142,45.654365],[7.157119,45.654302],[7.157123,45.654259],[7.157129,45.654215],[7.157179,45.654132],[7.157226,45.65404],[7.157197,45.653927],[7.157147,45.653845],[7.157043,45.653744],[7.156978,45.653685],[7.156942,45.653652],[7.156829,45.653574],[7.156792,45.653446],[7.156777,45.653362],[7.15675,45.653251],[7.156741,45.653224],[7.156745,45.653076],[7.1567,45.652961],[7.156668,45.652905],[7.156657,45.652872],[7.156665,45.652784],[7.156665,45.652725],[7.156622,45.65261],[7.15659,45.652574],[7.156589,45.652544],[7.156589,45.652503],[7.156552,45.652421],[7.156428,45.652335],[7.156363,45.652271],[7.15626,45.652139],[7.156259,45.651997],[7.156279,45.65194],[7.156279,45.651911],[7.156236,45.651802],[7.156139,45.651724],[7.15612,45.651698],[7.156088,45.65167],[7.156057,45.651606],[7.156006,45.651524],[7.155986,45.651452],[7.15598,45.651434],[7.156002,45.651286],[7.156042,45.651232],[7.156035,45.651158],[7.156053,45.651127],[7.156043,45.651028],[7.156017,45.650881],[7.156015,45.650792],[7.15601,45.650745],[7.155994,45.650698],[7.155951,45.650622],[7.155904,45.650531],[7.155857,45.650482],[7.155788,45.650456],[7.155736,45.650419],[7.155661,45.650381],[7.155633,45.650362],[7.155508,45.650352],[7.15538,45.650278],[7.155308,45.650214],[7.155233,45.650127],[7.155142,45.650013],[7.155084,45.649931],[7.155201,45.649888],[7.155304,45.649834],[7.155367,45.649819],[7.155467,45.649756],[7.155591,45.649692],[7.155651,45.649648],[7.155804,45.649542],[7.155872,45.649488],[7.156012,45.649348],[7.156047,45.649281],[7.156061,45.649253],[7.156158,45.649166],[7.156098,45.649053],[7.156081,45.649022],[7.15607,45.648931],[7.156018,45.648856],[7.155977,45.648794],[7.155864,45.648676],[7.155702,45.648586],[7.155586,45.6485],[7.155511,45.648449],[7.155443,45.648385],[7.155332,45.64833],[7.155223,45.648243],[7.155219,45.64823],[7.155214,45.648218],[7.155185,45.648183],[7.155125,45.648146],[7.154952,45.648033],[7.154857,45.647993],[7.154805,45.647959],[7.154762,45.647937],[7.154727,45.647915],[7.154703,45.647872],[7.154697,45.647824],[7.154696,45.64777],[7.1547,45.647722],[7.154714,45.647655],[7.154733,45.647578],[7.154742,45.647499],[7.154748,45.647443],[7.154757,45.647413],[7.154794,45.647358],[7.154809,45.647329],[7.15484,45.647277],[7.154865,45.64721],[7.154853,45.647125],[7.154842,45.647035],[7.154842,45.646979],[7.154852,45.646907],[7.154842,45.646882],[7.154833,45.646869],[7.154817,45.646858],[7.154764,45.646848],[7.154746,45.646844],[7.154731,45.646836],[7.154711,45.646824],[7.154603,45.646815],[7.154576,45.646808],[7.154519,45.646788],[7.154448,45.646776],[7.154339,45.64669],[7.154256,45.646622],[7.154211,45.646585],[7.154186,45.64655],[7.154144,45.646507],[7.154097,45.646461],[7.154077,45.646448],[7.154024,45.646422],[7.153997,45.646382],[7.153939,45.646303],[7.153914,45.646258],[7.153903,45.64621],[7.153899,45.646196],[7.153863,45.646147],[7.153834,45.646112],[7.153821,45.64608],[7.153777,45.645972],[7.153755,45.645915],[7.153716,45.645829],[7.153708,45.645799],[7.153699,45.645768],[7.153697,45.64575],[7.153686,45.64573],[7.153664,45.645709],[7.153639,45.645685],[7.15362,45.645664],[7.153597,45.645642],[7.153551,45.645615],[7.15348,45.645572],[7.153434,45.645556],[7.153399,45.645512],[7.153341,45.645512],[7.153211,45.645404],[7.15314,45.645346],[7.153029,45.645278],[7.15292,45.645132],[7.152827,45.64506],[7.152757,45.645011],[7.152704,45.644983],[7.152647,45.644935],[7.152631,45.644915],[7.152592,45.644854],[7.152562,45.644786],[7.152503,45.644742],[7.152482,45.64471],[7.152479,45.644704],[7.152453,45.644653],[7.152338,45.64455],[7.152301,45.644489],[7.152259,45.644439],[7.152238,45.644407],[7.152218,45.644379],[7.152147,45.64428],[7.152106,45.644219],[7.152061,45.644189],[7.152059,45.644178],[7.15203,45.644131],[7.151947,45.644074],[7.151921,45.644034],[7.151865,45.644],[7.151845,45.643969],[7.151801,45.643927],[7.151743,45.643847],[7.151703,45.643788],[7.151695,45.643766],[7.15167,45.64374],[7.151663,45.643707],[7.15164,45.643685],[7.151632,45.643634],[7.151596,45.64356],[7.151542,45.643532],[7.15168,45.643486],[7.151715,45.64345],[7.151738,45.643414],[7.15173,45.643373],[7.151733,45.643361],[7.151741,45.643349],[7.15174,45.643316],[7.151637,45.643274],[7.151641,45.643269],[7.151713,45.643192],[7.151675,45.643159],[7.151608,45.643119],[7.151576,45.643088],[7.151589,45.643003],[7.151597,45.642941],[7.151547,45.642873],[7.151509,45.642818],[7.151482,45.642764],[7.151434,45.642723],[7.151356,45.642592],[7.151315,45.642534],[7.151287,45.642441],[7.151272,45.642375],[7.151255,45.642304],[7.151261,45.64225],[7.151226,45.642129],[7.151226,45.642004],[7.151225,45.641936],[7.151256,45.641879],[7.151277,45.64185],[7.151344,45.641807],[7.151411,45.641761],[7.151457,45.641722],[7.151459,45.641677],[7.15143,45.641605],[7.151404,45.641541],[7.151362,45.641505],[7.151342,45.64146],[7.151329,45.64142],[7.151285,45.641388],[7.151166,45.641358],[7.151118,45.641336],[7.151113,45.641306],[7.151047,45.64126],[7.151052,45.641224],[7.151038,45.641214],[7.151062,45.641144],[7.151052,45.641121],[7.150997,45.6411],[7.150917,45.641124],[7.150879,45.641124],[7.150857,45.641115],[7.150857,45.641035],[7.150855,45.640992],[7.150876,45.640942],[7.15077,45.64089],[7.150714,45.640851],[7.150526,45.640825],[7.150458,45.6408],[7.150344,45.640724],[7.150288,45.640677],[7.150145,45.640624],[7.150048,45.640581],[7.150039,45.640519],[7.150011,45.640448],[7.150024,45.640384],[7.150017,45.640326],[7.150008,45.640253],[7.149982,45.640185],[7.14992,45.640149],[7.14983,45.640129],[7.149811,45.640054],[7.14975,45.640003],[7.149729,45.639929],[7.14966,45.639897],[7.149591,45.639824],[7.149604,45.639753],[7.149544,45.639723],[7.149535,45.639617],[7.149525,45.639491],[7.149412,45.639428],[7.149408,45.639383],[7.149413,45.639299],[7.149378,45.639281],[7.149362,45.639214],[7.149359,45.639184],[7.149313,45.639143],[7.149278,45.639085],[7.149262,45.639048],[7.149234,45.638948],[7.149195,45.638865],[7.149167,45.638792],[7.149179,45.638759],[7.149009,45.638647],[7.148992,45.638637],[7.148939,45.638555],[7.148851,45.638506],[7.148827,45.63846],[7.14875,45.63843],[7.148849,45.638378],[7.148953,45.638311],[7.149027,45.63825],[7.14905,45.6382],[7.148981,45.638109],[7.14885,45.637964],[7.148739,45.637855],[7.148657,45.637759],[7.148572,45.63765],[7.148456,45.637541],[7.148346,45.637429],[7.148239,45.637303],[7.148158,45.637191],[7.148083,45.637038],[7.148039,45.636954],[7.148046,45.636856],[7.148084,45.636743],[7.148093,45.636705],[7.148113,45.636622],[7.148096,45.636508],[7.148061,45.636392],[7.148024,45.636254],[7.1480174,45.6361432],[7.148013,45.636069],[7.148014,45.635891],[7.148005,45.635647],[7.14798,45.63539],[7.147979,45.635149],[7.147974,45.634926],[7.14797,45.634777],[7.14797,45.634664],[7.1479446,45.6346102],[7.147895,45.634505],[7.147688,45.634218],[7.147451,45.63392],[7.147264,45.633688],[7.147063,45.633461],[7.146916,45.633304],[7.146855,45.633226],[7.146799,45.633112],[7.146778,45.632971],[7.14672,45.632819],[7.146681,45.632702],[7.146599,45.632614],[7.146508,45.632538],[7.146422,45.632448],[7.146229,45.632257],[7.145958,45.631985],[7.145748,45.631785],[7.145507,45.63162],[7.145263,45.631428],[7.14511,45.631313],[7.145036,45.631234],[7.144942,45.631129],[7.144845,45.630987],[7.144801,45.630897],[7.144746,45.630783],[7.144705,45.630616],[7.144651,45.630445],[7.144576,45.63028],[7.144539,45.63011],[7.144545,45.629913],[7.144581,45.629738],[7.14464,45.62962],[7.144674,45.629493],[7.144724,45.629375],[7.144729,45.629232],[7.144761,45.62903],[7.144804,45.628906],[7.144817,45.628748],[7.144855,45.628647],[7.14487,45.628549],[7.144862,45.628421],[7.144827,45.628203],[7.144813,45.628102],[7.144763,45.627946],[7.144722,45.627788],[7.144628,45.627673],[7.144526,45.627532],[7.144361,45.627398],[7.144108,45.627215],[7.143887,45.627096],[7.143725,45.627016],[7.143513,45.626881],[7.143314,45.626744],[7.142996,45.626483],[7.142815,45.626298],[7.142597,45.62608],[7.14245,45.625917],[7.142401,45.625842],[7.142727,45.625717],[7.142889,45.625626],[7.143015,45.625536],[7.143242,45.62544],[7.143304,45.625399],[7.143388,45.625337],[7.143466,45.625296],[7.143558,45.625227],[7.143309,45.624765],[7.143299,45.624746],[7.143251,45.624647],[7.14322,45.624566],[7.143138,45.624485],[7.143085,45.624412],[7.143033,45.624328],[7.142988,45.624274],[7.142936,45.624166],[7.142855,45.624063],[7.142818,45.624021],[7.142791,45.623943],[7.142789,45.623863],[7.142776,45.623761],[7.142765,45.623707],[7.142678,45.623638],[7.14262,45.623592],[7.142584,45.623523],[7.142544,45.623466],[7.142526,45.623349],[7.142529,45.623272],[7.142493,45.623191],[7.142485,45.623045],[7.142442,45.622824],[7.142425,45.622559],[7.142448,45.622375],[7.142482,45.622235],[7.14249,45.622128],[7.142524,45.622001],[7.142558,45.621864],[7.142587,45.621773],[7.142648,45.621595],[7.142641,45.621538],[7.142627,45.62147],[7.14256,45.621418],[7.142432,45.621335],[7.142369,45.621299],[7.142298,45.621271],[7.142291,45.62122],[7.142327,45.621167],[7.142435,45.621115],[7.142509,45.621063],[7.142574,45.621001],[7.142653,45.62094],[7.142718,45.620891],[7.142776,45.62079],[7.142852,45.620678],[7.142875,45.620634],[7.142868,45.620574],[7.142787,45.620481],[7.142704,45.620408],[7.142611,45.620285],[7.142496,45.620164],[7.142443,45.620091],[7.142374,45.619992],[7.142344,45.619881],[7.142318,45.619774],[7.142306,45.619604],[7.142297,45.619502],[7.142323,45.619345],[7.142342,45.619155],[7.142351,45.619021],[7.142374,45.618855],[7.142373,45.618739],[7.142398,45.618632],[7.14242,45.618483],[7.142412,45.618346],[7.142393,45.618254],[7.142403,45.618084],[7.142414,45.617888],[7.142418,45.617763],[7.142425,45.617674],[7.142376,45.617621],[7.142247,45.617535],[7.142073,45.617436],[7.141913,45.617329],[7.141799,45.617026],[7.141606,45.616785],[7.14152,45.616713],[7.141328,45.616597],[7.141118,45.616512],[7.140936,45.616345],[7.140875,45.616257],[7.140838,45.616148],[7.140759,45.616043],[7.140601,45.615927],[7.140455,45.615695],[7.140282,45.615256],[7.140194,45.615185],[7.140029,45.614783],[7.13991,45.614531],[7.139814,45.614244],[7.139763,45.614109],[7.139706,45.613795],[7.139683,45.613697],[7.139588,45.613493],[7.139485,45.613164],[7.13942,45.612942],[7.139353,45.612658],[7.139291,45.61236],[7.139244,45.6121],[7.139189,45.611727],[7.139159,45.611598],[7.139151,45.611324],[7.139127,45.611035],[7.139115,45.610755],[7.139136,45.610494],[7.139116,45.61033],[7.139057,45.610206],[7.138948,45.610041],[7.138883,45.609951],[7.138755,45.609829],[7.138665,45.609623],[7.1386,45.60952],[7.138541,45.609397],[7.138482,45.608994],[7.138473,45.608753],[7.138482,45.608604],[7.138439,45.608503],[7.138457,45.608342],[7.138422,45.6081],[7.138357,45.607879],[7.138356,45.607784],[7.138294,45.607628],[7.13828,45.607527],[7.138179,45.607263],[7.138135,45.607161],[7.13811,45.607024],[7.138137,45.606866],[7.138175,45.606721],[7.138188,45.606596],[7.138207,45.606531],[7.138226,45.606466],[7.138023,45.606314],[7.137942,45.606217],[7.137795,45.606045],[7.137742,45.605985],[7.137716,45.60585],[7.137767,45.605613],[7.137758,45.605351],[7.137737,45.605222],[7.137763,45.605089],[7.137883,45.604912],[7.137947,45.604791],[7.138013,45.604703],[7.138048,45.604671],[7.138063,45.604597],[7.138138,45.604512],[7.138158,45.604429],[7.138178,45.604346],[7.138184,45.604274],[7.138269,45.604154],[7.138371,45.604009],[7.138411,45.603915],[7.138506,45.603781],[7.138833,45.603394],[7.138966,45.603233],[7.138947,45.603113],[7.138928,45.603015],[7.138984,45.602962],[7.139161,45.602805],[7.139186,45.602743],[7.139511,45.601954],[7.139546,45.601871],[7.139473,45.601874],[7.139091,45.601902],[7.139068,45.601391],[7.138005,45.60136],[7.137774,45.601099],[7.137596,45.600741],[7.13758,45.600625],[7.137641,45.600324],[7.137575,45.600262],[7.137599,45.600154],[7.137472,45.600068],[7.137434,45.600028],[7.137346,45.599969],[7.137229,45.599858],[7.137083,45.599492],[7.13698,45.59923],[7.136814,45.598983],[7.135763,45.597987],[7.135711,45.597946],[7.135679,45.597919],[7.135645,45.597875],[7.135631,45.597865],[7.135608,45.597842],[7.135581,45.597802],[7.135391,45.597769],[7.13534,45.597774],[7.135283,45.597765],[7.135259,45.597765],[7.135206,45.597752],[7.135193,45.597688],[7.135114,45.597613],[7.135103,45.597565],[7.135061,45.597523],[7.135042,45.597455],[7.135026,45.59744],[7.135012,45.597411],[7.134934,45.597366],[7.134963,45.597318],[7.134976,45.597294],[7.134976,45.597281],[7.134977,45.597256],[7.13494,45.597224],[7.134899,45.597221],[7.13487,45.597197],[7.134796,45.59717],[7.134768,45.597134],[7.134766,45.597126],[7.134744,45.597109],[7.134704,45.597097],[7.134654,45.597082],[7.134634,45.597064],[7.134652,45.597031],[7.134661,45.597003],[7.134627,45.596984],[7.134604,45.596967],[7.134622,45.596936],[7.13461,45.596892],[7.134597,45.596867],[7.134593,45.596859],[7.134597,45.596843],[7.134604,45.596825],[7.134621,45.596793],[7.134621,45.596774],[7.13461,45.596751],[7.134504,45.596538],[7.134485,45.596498],[7.134473,45.596421],[7.134457,45.59633],[7.134455,45.596318],[7.134411,45.59628],[7.134384,45.59626],[7.134278,45.596079],[7.134254,45.596041],[7.134245,45.59602],[7.134188,45.595985],[7.134176,45.595926],[7.134162,45.595878],[7.134165,45.595854],[7.13417,45.595838],[7.13417,45.595829],[7.134142,45.59577],[7.134135,45.595758],[7.134133,45.595717],[7.134129,45.595674],[7.134127,45.595647],[7.134144,45.595595],[7.134152,45.595582],[7.134151,45.595574],[7.13414,45.595456],[7.134128,45.595305],[7.134106,45.595071],[7.134091,45.594914],[7.134086,45.594884],[7.134086,45.594879],[7.134068,45.594846],[7.134044,45.594801],[7.13403,45.594774],[7.134029,45.59477],[7.134021,45.594736],[7.134011,45.594709],[7.133998,45.594674],[7.133978,45.594634],[7.133956,45.594599],[7.133954,45.594518],[7.133953,45.594486],[7.133953,45.594436],[7.133842,45.594378],[7.133901,45.594294],[7.133984,45.594199],[7.134038,45.594127],[7.134079,45.594038],[7.134096,45.593936],[7.134104,45.593843],[7.134089,45.593744],[7.134053,45.593674],[7.134017,45.593617],[7.133996,45.593581],[7.134037,45.593513],[7.134121,45.593419],[7.134152,45.593381],[7.13416,45.593246],[7.134187,45.593143],[7.134183,45.593141],[7.134133,45.593103],[7.134035,45.592839],[7.133821,45.592688],[7.133765,45.59243],[7.133709,45.592392],[7.133465,45.592122],[7.133334,45.591982],[7.133262,45.591916],[7.133196,45.591819],[7.132938,45.591421],[7.132898,45.59136],[7.132878,45.590949],[7.133308,45.590409],[7.133516,45.590143],[7.133529,45.590126],[7.133601,45.590031],[7.133861,45.589741],[7.134013,45.589566],[7.133814,45.58923],[7.133682,45.588941],[7.133465,45.588715],[7.13344,45.588608],[7.133421,45.588521],[7.133417,45.588504],[7.133405,45.588466],[7.13337,45.588367],[7.133274,45.588254],[7.133265,45.588148],[7.13325,45.587968],[7.133236,45.5878],[7.133184,45.587493],[7.133209,45.587461],[7.133204,45.587457],[7.133001,45.587245],[7.132683,45.587086],[7.132498,45.586992],[7.132319,45.58694],[7.131906,45.586819],[7.13176,45.586765],[7.131658,45.586727],[7.131531,45.586679],[7.131325,45.586593],[7.131324,45.586592],[7.131316,45.586568],[7.131215,45.586417],[7.131006,45.586149],[7.130802,45.585885],[7.130499,45.585496],[7.130298,45.584623],[7.130259,45.584468],[7.130199,45.584408],[7.130055,45.584274],[7.129989,45.584215],[7.130014,45.584159],[7.13006,45.584041],[7.130061,45.583892],[7.129917,45.583825],[7.129852,45.583794],[7.129588,45.583622],[7.129551,45.583577],[7.129412,45.583367],[7.129495,45.583351],[7.129526,45.583118],[7.129342,45.583058],[7.129154,45.582913],[7.129146,45.582908],[7.128802,45.582575],[7.127872,45.581071],[7.12785,45.581042],[7.127685,45.580851],[7.127554,45.580697],[7.126958,45.579912],[7.126919,45.579861],[7.126766,45.579652],[7.126733,45.5796],[7.126731,45.579595],[7.126687,45.579577],[7.126594,45.579577],[7.126592,45.579471],[7.126586,45.579363],[7.126578,45.57923],[7.126506,45.579232],[7.126533,45.579154],[7.126586,45.578993],[7.126602,45.57894],[7.126515,45.578393],[7.126473,45.5784],[7.126386,45.57842],[7.126337,45.578318],[7.126289,45.578206],[7.12628,45.578194],[7.126241,45.578148],[7.12617,45.578091],[7.126141,45.578069],[7.126108,45.578093],[7.12608,45.578069],[7.12601,45.57801],[7.125973,45.577905],[7.125962,45.57787],[7.125989,45.577859],[7.126039,45.577835],[7.126013,45.577769],[7.126002,45.577753],[7.125934,45.577689],[7.125848,45.577607],[7.125815,45.577573],[7.125787,45.577542],[7.125711,45.577455],[7.125644,45.577375],[7.125619,45.57736],[7.125587,45.577347],[7.12557,45.577315],[7.125498,45.577192],[7.125443,45.577101],[7.125291,45.576959],[7.125217,45.576845],[7.125137,45.57672],[7.125103,45.576668],[7.124987,45.576262],[7.124965,45.576235],[7.124926,45.5762],[7.124921,45.576183],[7.12491,45.576165],[7.124896,45.57614],[7.12486,45.576089],[7.124826,45.57604],[7.124797,45.576004],[7.124764,45.575946],[7.124732,45.57591],[7.124681,45.575855],[7.124657,45.575832],[7.124652,45.575826],[7.124645,45.575806],[7.124631,45.575765],[7.124609,45.575715],[7.124594,45.575677],[7.12459,45.575674],[7.124564,45.575631],[7.124547,45.575605],[7.124506,45.575546],[7.124475,45.575507],[7.124461,45.575485],[7.12446,45.575464],[7.124461,45.575433],[7.124457,45.575405],[7.124457,45.57539],[7.124449,45.575366],[7.124442,45.575334],[7.124436,45.57532],[7.124414,45.575297],[7.12438,45.575264],[7.124362,45.575241],[7.124328,45.575198],[7.124306,45.575157],[7.124272,45.575111],[7.12424,45.57507],[7.12419,45.575013],[7.124136,45.574953],[7.124094,45.574889],[7.123979,45.574751],[7.123954,45.574661],[7.12393,45.57456],[7.123917,45.574511],[7.123907,45.57446],[7.123899,45.574378],[7.123883,45.574262],[7.123996,45.574039],[7.124033,45.57389],[7.123825,45.573693],[7.123826,45.573642],[7.123794,45.573651],[7.123752,45.573582],[7.123739,45.573558],[7.1237,45.573508],[7.123656,45.573451],[7.123573,45.573346],[7.123564,45.573282],[7.12346,45.573086],[7.12343,45.573056],[7.123249,45.572885],[7.123203,45.57285],[7.12317,45.572817],[7.123157,45.572816],[7.123141,45.572714],[7.12313,45.572641],[7.123116,45.572556],[7.123011,45.572516],[7.123033,45.57247],[7.122905,45.572252],[7.122829,45.572145],[7.122732,45.572006],[7.122647,45.571888],[7.122579,45.571798],[7.122571,45.571779],[7.122503,45.571685],[7.122596,45.571637],[7.122569,45.571489],[7.122549,45.571364],[7.122521,45.571215],[7.122516,45.571179],[7.122343,45.570536],[7.122342,45.570528],[7.122306,45.570395],[7.122271,45.570286],[7.122243,45.570187],[7.122237,45.570166],[7.12228,45.570147],[7.122287,45.570144],[7.122298,45.570099],[7.122232,45.569957],[7.122206,45.569907],[7.122195,45.569866],[7.122177,45.569795],[7.122186,45.569763],[7.122202,45.569697],[7.122032,45.569286],[7.122406,45.56639],[7.123567,45.560267],[7.12343,45.5602],[7.123292,45.560124],[7.123164,45.560055],[7.123099,45.559964],[7.123045,45.559914],[7.123051,45.559888],[7.122956,45.559815],[7.122109,45.558923],[7.122001,45.558816],[7.121633,45.558479],[7.121336,45.558199],[7.120817,45.557708],[7.120557,45.557474],[7.120514,45.557428],[7.120115,45.554389],[7.120254,45.55196],[7.115132,45.545156],[7.111708,45.533096],[7.110659,45.531829],[7.10627,45.530571],[7.103963,45.528298],[7.103213,45.525011],[7.10317,45.524801],[7.101601,45.517182],[7.08926,45.511816],[7.090193,45.505913],[7.085966,45.505905],[7.081365,45.505897],[7.081282,45.506036],[7.08109,45.506006],[7.080052,45.506092],[7.079441,45.50613],[7.079117,45.506319],[7.077832,45.506131],[7.079667,45.492763],[7.0697452,45.4735282]]]}},{"type":"Feature","properties":{"name":"Rhêmes-Notre-Dame","role":"valley","source":"OpenStreetMap (ODbL) via Nominatim","osmType":"relation","osmId":45153},"geometry":{"type":"Polygon","coordinates":[[[7.042537,45.5064664],[7.0426359,45.505829],[7.0432234,45.504759],[7.0440718,45.5035494],[7.0445326,45.5028102],[7.0447862,45.5021394],[7.0445095,45.5016306],[7.0442249,45.5009777],[7.0427588,45.5004845],[7.0429343,45.4995514],[7.0446004,45.497369],[7.0446638,45.4973702],[7.0448902,45.4972394],[7.0449843,45.4972293],[7.0454066,45.4972445],[7.0457112,45.4972328],[7.0460629,45.4971767],[7.0461839,45.4971136],[7.0463932,45.4969475],[7.0469911,45.4965849],[7.0471135,45.4965397],[7.0474407,45.4965138],[7.0482673,45.4963539],[7.0487699,45.4963912],[7.0492818,45.4964903],[7.0494645,45.4965112],[7.0503782,45.496506],[7.050703,45.4964612],[7.0508417,45.4964142],[7.0512741,45.4961821],[7.0525922,45.4957633],[7.0527296,45.4956899],[7.0542965,45.4946549],[7.0556096,45.4930303],[7.0559083,45.4925952],[7.0565486,45.4915889],[7.0566536,45.4914511],[7.0573798,45.4906942],[7.0574471,45.4905763],[7.0574537,45.490526],[7.0574268,45.490428],[7.056687,45.4891292],[7.0565696,45.4889756],[7.0552801,45.4876247],[7.0548121,45.4875901],[7.0540331,45.4873377],[7.0539039,45.4872801],[7.0534052,45.4869888],[7.0533103,45.4868395],[7.0532084,45.486584],[7.053147,45.4865341],[7.0528544,45.4865407],[7.052734,45.4865104],[7.052687,45.4864766],[7.0526316,45.4863194],[7.0525919,45.486275],[7.0525049,45.4862422],[7.0523938,45.486226],[7.0521066,45.486218],[7.0519961,45.4861994],[7.0515587,45.4860069],[7.0514387,45.4859916],[7.0512532,45.4860169],[7.0510179,45.4861346],[7.0508976,45.486155],[7.0506683,45.4861153],[7.0504219,45.4859054],[7.0502599,45.4858065],[7.050075,45.485738],[7.0499718,45.485718],[7.0483159,45.4855579],[7.0478336,45.4854777],[7.0475351,45.4853919],[7.04751,45.4853555],[7.0473913,45.4837044],[7.0473176,45.48268],[7.0473741,45.4810005],[7.0468872,45.4801251],[7.0462879,45.4795124],[7.0459805,45.4795237],[7.0458305,45.4792359],[7.0456427,45.4787582],[7.0455996,45.4783626],[7.0455846,45.4782896],[7.0456206,45.4782453],[7.0461521,45.4778489],[7.0470202,45.4774065],[7.0472401,45.4772724],[7.0470785,45.4768773],[7.0470718,45.4768155],[7.0470971,45.4767108],[7.0473764,45.4760417],[7.0473665,45.4758792],[7.047114,45.4749238],[7.047104,45.4748106],[7.0471901,45.474613],[7.047264,45.4745387],[7.047486,45.474411],[7.0475208,45.4743626],[7.047519,45.4742398],[7.0474581,45.4739565],[7.0474623,45.4738364],[7.0475883,45.4734609],[7.0476265,45.4734032],[7.0486167,45.472447],[7.0486656,45.4724201],[7.0492932,45.4723345],[7.0494165,45.4723307],[7.0496082,45.4722557],[7.0500521,45.4721405],[7.0513872,45.4720188],[7.0515969,45.4720237],[7.052416,45.4722955],[7.0525253,45.4723125],[7.0527016,45.4722915],[7.0532559,45.4721359],[7.0537274,45.4720253],[7.056823,45.4715021],[7.0603253,45.4707828],[7.0603769,45.4707999],[7.0604686,45.4708732],[7.0606251,45.4710935],[7.0607731,45.471251],[7.0609865,45.4714319],[7.0610571,45.471469],[7.061355,45.4715555],[7.0614442,45.471658],[7.0615544,45.4719584],[7.0615877,45.4719924],[7.0616627,45.4720236],[7.061888,45.4720568],[7.0619653,45.4720855],[7.0621084,45.4722432],[7.0623099,45.4725208],[7.0627651,45.4729579],[7.0628788,45.473089],[7.0629742,45.4733088],[7.0630934,45.4734356],[7.0636249,45.4737479],[7.0637851,45.4738023],[7.0642079,45.4738629],[7.0646907,45.4739112],[7.0657142,45.4740912],[7.0662459,45.4740983],[7.0678232,45.4741343],[7.0697452,45.4735282],[7.0704955,45.473623],[7.0724854,45.4733068],[7.0742629,45.4730808],[7.0744036,45.4731082],[7.0745952,45.4732129],[7.0750773,45.473304],[7.0752751,45.4733742],[7.0756641,45.4734338],[7.0758205,45.4735028],[7.0760739,45.4735569],[7.0764189,45.4735835],[7.076901,45.4736839],[7.077044,45.4736891],[7.0775691,45.4736302],[7.0776313,45.473605],[7.0781191,45.473292],[7.0783931,45.4731759],[7.0785382,45.4731463],[7.0790354,45.473118],[7.0792246,45.4730837],[7.0794098,45.4729707],[7.079846,45.4728521],[7.0805643,45.4727076],[7.080853,45.4726102],[7.0818361,45.4722063],[7.0819936,45.472157],[7.0821808,45.4721291],[7.0823445,45.4721253],[7.0833044,45.4721924],[7.0849491,45.4723604],[7.086664,45.4725991],[7.0867947,45.4726755],[7.0869804,45.4724975],[7.0870935,45.4722594],[7.0871596,45.4721813],[7.0872823,45.4720987],[7.0878448,45.4718138],[7.0883238,45.4714437],[7.0884101,45.471271],[7.0888011,45.4708633],[7.0888598,45.4708261],[7.0898385,45.4706002],[7.0901529,45.470555],[7.0905111,45.4705619],[7.0908624,45.4705047],[7.0916501,45.4705521],[7.0919391,45.4704389],[7.0920266,45.4704411],[7.0924251,45.4705461],[7.0933263,45.4705917],[7.0935709,45.4706298],[7.0937886,45.4706013],[7.0939131,45.470562],[7.0942999,45.4703851],[7.0947933,45.4700811],[7.095265,45.4697437],[7.0954702,45.4696542],[7.0956979,45.4695863],[7.0964272,45.4694152],[7.0969594,45.4693339],[7.0974116,45.4693009],[7.0984351,45.4692801],[7.0997164,45.4693978],[7.1000548,45.4693834],[7.1001331,45.4693535],[7.1002996,45.4692047],[7.1005914,45.4690045],[7.1009205,45.4688276],[7.101012,45.4687978],[7.1015615,45.4687464],[7.1022616,45.4685405],[7.1036189,45.4680215],[7.1039591,45.4678488],[7.1041238,45.4677175],[7.1044665,45.4671059],[7.1044827,45.4670412],[7.1044364,45.4669522],[7.1045615,45.4670343],[7.1043977,45.467324],[7.1044904,45.4675015],[7.1048836,45.4679851],[7.1056487,45.4684388],[7.1066726,45.4688069],[7.1074767,45.4692433],[7.1084212,45.469691],[7.1096497,45.4700623],[7.1103888,45.4701376],[7.1108367,45.4705141],[7.1112757,45.4711604],[7.1119535,45.4719457],[7.1126246,45.4725239],[7.1133516,45.472986],[7.1137151,45.473595],[7.1138289,45.47402],[7.1140157,45.4745541],[7.1145059,45.4752013],[7.1148007,45.4759533],[7.1148415,45.476647],[7.1146732,45.4774724],[7.1144675,45.4782701],[7.1143775,45.4790607],[7.1142117,45.4798231],[7.1142413,45.4804716],[7.1143983,45.4812902],[7.1144246,45.4814272],[7.1144266,45.4814378],[7.1146749,45.482432],[7.1146411,45.4842227],[7.1147072,45.485322],[7.1147851,45.4859975],[7.1148179,45.4862239],[7.1148786,45.487089],[7.1152935,45.488077],[7.1158147,45.4889497],[7.1160971,45.4896924],[7.1164948,45.4904281],[7.1167766,45.4911889],[7.117178,45.4918166],[7.1179293,45.492315],[7.1186597,45.4930561],[7.1188986,45.4939512],[7.1188395,45.4946636],[7.1188322,45.4947236],[7.1187064,45.4954919],[7.1187944,45.4955815],[7.1194268,45.4957691],[7.1201699,45.4961324],[7.1207867,45.4968266],[7.1212548,45.4977975],[7.1215405,45.4988283],[7.1215909,45.4996212],[7.1215776,45.5003681],[7.1215603,45.5010068],[7.1215751,45.5012502],[7.1216571,45.5018636],[7.1217854,45.5030089],[7.1218902,45.5040907],[7.1217725,45.5053219],[7.1216652,45.5062383],[7.1214333,45.5066665],[7.1220268,45.5072974],[7.1235271,45.5083752],[7.1238564,45.5088306],[7.1242411,45.509197],[7.1252393,45.5099785],[7.1257417,45.5110399],[7.1263344,45.5116977],[7.1275121,45.512086],[7.1283346,45.5123786],[7.1291963,45.5126447],[7.130078,45.5130822],[7.1315507,45.5138444],[7.132919,45.5146679],[7.1343013,45.5154556],[7.1354796,45.5157809],[7.1375271,45.5162643],[7.1378546,45.5165577],[7.1382652,45.51692],[7.1386005,45.5171999],[7.1388755,45.5174385],[7.1396529,45.5179372],[7.1404776,45.5185537],[7.1413237,45.5189095],[7.1423607,45.5193044],[7.1431645,45.5193895],[7.1439841,45.5193488],[7.1449118,45.5195619],[7.1459836,45.5200654],[7.1470465,45.5204517],[7.1483582,45.520671],[7.1488908,45.5212197],[7.1488813,45.5215076],[7.1487118,45.5219909],[7.1482863,45.5224701],[7.1475993,45.523116],[7.1470762,45.5238366],[7.1469634,45.5249329],[7.1471642,45.5258363],[7.1474245,45.5264886],[7.1473342,45.5272882],[7.1474136,45.5279916],[7.1486347,45.5286325],[7.1497585,45.5291187],[7.1500733,45.529237],[7.1503866,45.5293547],[7.1505166,45.5294036],[7.150935,45.5295608],[7.152063,45.5299211],[7.1538117,45.5304535],[7.1546741,45.5307105],[7.1552124,45.5314798],[7.1555567,45.5323089],[7.1555875,45.5333265],[7.1556621,45.5345699],[7.1554639,45.5355388],[7.1549356,45.5364214],[7.1544559,45.5369897],[7.1545022,45.5383136],[7.1551235,45.5388997],[7.1563114,45.539783],[7.1577072,45.5409577],[7.1588508,45.5424163],[7.1593914,45.5435141],[7.1592148,45.5442134],[7.1586635,45.5450146],[7.1582017,45.5458172],[7.1576094,45.5470858],[7.1572199,45.5476172],[7.1568464,45.5480906],[7.1568254,45.5491254],[7.1573205,45.5496555],[7.1577941,45.5500592],[7.1586588,45.5510542],[7.1600139,45.5522822],[7.1609554,45.5532695],[7.1616016,45.553883],[7.1625728,45.5547447],[7.1641456,45.5560211],[7.1650508,45.5569448],[7.1661766,45.557773],[7.1673693,45.5585392],[7.1680313,45.559423],[7.1690187,45.5605819],[7.1698004,45.5613685],[7.1702272,45.5624285],[7.1703971,45.5635113],[7.1699453,45.5644042],[7.1692524,45.5652212],[7.1680382,45.5659218],[7.1669175,45.5665069],[7.1660912,45.5674838],[7.1658013,45.5685142],[7.1652467,45.5690184],[7.1645002,45.5695104],[7.164453,45.5697797],[7.1648182,45.5703706],[7.1658417,45.5708191],[7.1665115,45.5711089],[7.1667854,45.5713563],[7.1669227,45.5718626],[7.1664658,45.5725124],[7.1662744,45.5732744],[7.1664832,45.5743398],[7.1666152,45.5754041],[7.166295,45.576182],[7.1658535,45.5771471],[7.1657666,45.5778477],[7.1661194,45.5784385],[7.1665907,45.5788871],[7.166675,45.5794465],[7.1669063,45.5802153],[7.1671744,45.5810387],[7.1672913,45.5817787],[7.1674912,45.5823309],[7.1678467,45.5828317],[7.1681975,45.5836969],[7.1669871,45.5846991],[7.1669951,45.5852393],[7.167097,45.585655],[7.1668365,45.5865689],[7.1667519,45.5871976],[7.166543,45.5877073],[7.1661836,45.5881156],[7.1659101,45.5882462],[7.1656154,45.5882415],[7.1648976,45.588239],[7.164176,45.5883534],[7.1634561,45.5885284],[7.1630646,45.5886235],[7.1621199,45.5888964],[7.1605003,45.5894194],[7.1586284,45.5902083],[7.1574072,45.5907016],[7.1565488,45.5910748],[7.1554673,45.5916064],[7.1542698,45.5921541],[7.1533191,45.5926068],[7.1525152,45.5928819],[7.1515074,45.5931176],[7.1502943,45.593359],[7.1489125,45.5936606],[7.1477947,45.5937325],[7.1464099,45.593737],[7.1449607,45.5937495],[7.1432604,45.5939919],[7.1415141,45.5944586],[7.1409673,45.5946972],[7.1404604,45.5949185],[7.1393665,45.5954317],[7.138026,45.5960309],[7.1367899,45.5965778],[7.1354073,45.5972843],[7.1344137,45.5978622],[7.1335572,45.5981722],[7.1332572,45.5982515],[7.1331582,45.5982776],[7.1327552,45.5983841],[7.1323578,45.5985527],[7.1320399,45.5986875],[7.1312156,45.5988],[7.1311166,45.5988254],[7.1303745,45.5990292],[7.1298699,45.599165],[7.1292432,45.5991187],[7.127807,45.5991222],[7.1262979,45.5991244],[7.1261016,45.5991212],[7.125963,45.5991151],[7.1248213,45.5990642],[7.1237887,45.5988852],[7.1234013,45.5985818],[7.1231249,45.5980282],[7.1229947,45.5977021],[7.1224154,45.5973865],[7.1210476,45.5968779],[7.1195234,45.5964478],[7.1181816,45.5959307],[7.117279,45.5956997],[7.1155923,45.5955279],[7.1136082,45.5954322],[7.1124685,45.5957734],[7.1115778,45.5963347],[7.1101877,45.5972568],[7.1087914,45.5979808],[7.1079669,45.5984802],[7.1072844,45.5989459],[7.1068138,45.5973089],[7.1055704,45.5969193],[7.104492,45.5965773],[7.1027721,45.5962517],[7.1017789,45.5960462],[7.1008422,45.5956886],[7.10022,45.5947511],[7.0997326,45.5936179],[7.0990671,45.5928238],[7.0985724,45.5919064],[7.0983282,45.5907862],[7.0978426,45.589599],[7.0973148,45.5885281],[7.0965428,45.5874711],[7.0958692,45.5869198],[7.0947908,45.5862087],[7.0939794,45.5855651],[7.0931493,45.5850922],[7.0923605,45.584539],[7.0921362,45.5843462],[7.0919389,45.5841179],[7.0916578,45.5840547],[7.089878,45.5829673],[7.0893978,45.5827523],[7.0892069,45.582335],[7.0896791,45.5820189],[7.0896449,45.5815142],[7.0897712,45.5811923],[7.0899728,45.5805386],[7.088655,45.5797245],[7.0876494,45.5791406],[7.086495,45.5784102],[7.0848075,45.5775268],[7.0842311,45.576761],[7.0839847,45.5760908],[7.083477,45.5755692],[7.0824851,45.5746345],[7.0822908,45.5743162],[7.0820497,45.573493],[7.0822179,45.5726947],[7.0827395,45.5720554],[7.0830622,45.5716108],[7.0833202,45.5711831],[7.0832142,45.5709113],[7.0832993,45.5702916],[7.083432,45.5697808],[7.083616,45.5688928],[7.0835014,45.5684948],[7.0836207,45.5680017],[7.0840742,45.5674333],[7.0844063,45.5670878],[7.0841605,45.5667777],[7.0838752,45.5665479],[7.0840487,45.5662987],[7.0846455,45.5660837],[7.0847861,45.565717],[7.0849191,45.5648192],[7.0847732,45.5638356],[7.0839256,45.5635603],[7.0831422,45.5636102],[7.0827321,45.5636123],[7.0821168,45.5628639],[7.0815879,45.5622159],[7.0813432,45.5615007],[7.0813237,45.5613204],[7.0812582,45.5609863],[7.0806557,45.5609941],[7.08048,45.5608832],[7.0804591,45.5603697],[7.0805114,45.5595875],[7.0801102,45.5589507],[7.0794112,45.5584079],[7.079222,45.558213],[7.0790646,45.558051],[7.0791113,45.5578088],[7.0791385,45.5573862],[7.0789016,45.5571932],[7.0782623,45.5571554],[7.07789,45.5571762],[7.0775617,45.5570356],[7.0769825,45.5567378],[7.076202,45.5563286],[7.0749022,45.5557487],[7.0734487,45.5551661],[7.072236,45.5546956],[7.0707082,45.5540397],[7.0694286,45.553244],[7.0681309,45.5522319],[7.0671306,45.5515129],[7.0661379,45.550947],[7.0656527,45.5497777],[7.0658606,45.548575],[7.0664437,45.5472618],[7.0667101,45.5458441],[7.0667779,45.5446121],[7.066237,45.5435768],[7.0654866,45.542673],[7.0645778,45.5415685],[7.0639198,45.5402161],[7.0633103,45.5393147],[7.061958,45.5384097],[7.0603526,45.5374193],[7.0598607,45.5368259],[7.0598067,45.5357898],[7.0600655,45.5345971],[7.0601061,45.5337876],[7.0595051,45.5326433],[7.0584573,45.5310863],[7.0577462,45.5301651],[7.0566882,45.5289409],[7.0559646,45.5276415],[7.055567,45.5265456],[7.0553595,45.5255069],[7.0552724,45.5243173],[7.0551185,45.5228385],[7.0548408,45.5219786],[7.054234,45.5213832],[7.0531367,45.5208964],[7.0517247,45.5206293],[7.050714,45.520234],[7.0493359,45.5197244],[7.0486807,45.5190832],[7.0480373,45.5180641],[7.0477333,45.5172307],[7.0472597,45.5164846],[7.0466823,45.5157816],[7.0460727,45.5148981],[7.045891,45.5142289],[7.0460295,45.5135561],[7.046408,45.5129776],[7.0464111,45.5121495],[7.0463726,45.5110417],[7.0458914,45.5101513],[7.0450272,45.5092274],[7.0440027,45.5081298],[7.0430615,45.5072135],[7.042537,45.5064664]]]}},{"type":"Feature","properties":{"name":"Rhêmes-Saint-Georges","role":"valley","source":"OpenStreetMap (ODbL) via Nominatim","osmType":"relation","osmId":45454},"geometry":{"type":"Polygon","coordinates":[[[7.100465,45.6144584],[7.1007379,45.614355],[7.1014248,45.6141414],[7.1020526,45.6137827],[7.1025454,45.6132419],[7.1027473,45.6125791],[7.1027513,45.6113191],[7.1030551,45.610676],[7.104109,45.6094694],[7.1046533,45.6089204],[7.1054356,45.6081593],[7.1062462,45.6073176],[7.1068623,45.6061577],[7.1071296,45.605073],[7.1073628,45.6042398],[7.1074544,45.6034222],[7.1074962,45.6021808],[7.1075569,45.6011377],[7.1074486,45.6001638],[7.1073816,45.5994876],[7.1073055,45.5990813],[7.1072844,45.5989459],[7.1079669,45.5984802],[7.1087914,45.5979808],[7.1101877,45.5972568],[7.1115778,45.5963347],[7.1124685,45.5957734],[7.1136082,45.5954322],[7.1155923,45.5955279],[7.117279,45.5956997],[7.1181816,45.5959307],[7.1195234,45.5964478],[7.1210476,45.5968779],[7.1224154,45.5973865],[7.1229947,45.5977021],[7.1231249,45.5980282],[7.1234013,45.5985818],[7.1237887,45.5988852],[7.1248213,45.5990642],[7.125963,45.5991151],[7.1261016,45.5991212],[7.1262979,45.5991244],[7.127807,45.5991222],[7.1292432,45.5991187],[7.1298699,45.599165],[7.1303745,45.5990292],[7.1311166,45.5988254],[7.1312156,45.5988],[7.1320399,45.5986875],[7.1323578,45.5985527],[7.1327552,45.5983841],[7.1331582,45.5982776],[7.1332572,45.5982515],[7.1335572,45.5981722],[7.1344137,45.5978622],[7.1354073,45.5972843],[7.1367899,45.5965778],[7.138026,45.5960309],[7.1393665,45.5954317],[7.1404604,45.5949185],[7.1409673,45.5946972],[7.1415141,45.5944586],[7.1432604,45.5939919],[7.1449607,45.5937495],[7.1464099,45.593737],[7.1477947,45.5937325],[7.1489125,45.5936606],[7.1502943,45.593359],[7.1515074,45.5931176],[7.1525152,45.5928819],[7.1533191,45.5926068],[7.1542698,45.5921541],[7.1554673,45.5916064],[7.1565488,45.5910748],[7.1574072,45.5907016],[7.1586284,45.5902083],[7.1605003,45.5894194],[7.1621199,45.5888964],[7.1630646,45.5886235],[7.1634561,45.5885284],[7.164176,45.5883534],[7.1648976,45.588239],[7.1656154,45.5882415],[7.1659101,45.5882462],[7.1658665,45.5891906],[7.1659078,45.5898934],[7.1657603,45.5904851],[7.1654502,45.5913442],[7.1651609,45.5919606],[7.1650389,45.5929488],[7.1656719,45.593985],[7.1661994,45.5947136],[7.1666676,45.5952972],[7.1671693,45.5960343],[7.1676588,45.5963572],[7.1682684,45.596538],[7.1687233,45.5967433],[7.1689597,45.5973592],[7.1686779,45.5981377],[7.1683786,45.5990601],[7.1686386,45.5997393],[7.169055,45.60034],[7.1692985,45.60074],[7.1698527,45.601442],[7.1708301,45.6021417],[7.1723199,45.6028586],[7.1730536,45.6031674],[7.1729525,45.6035168],[7.1726393,45.6040789],[7.1727549,45.6048638],[7.1731113,45.6057336],[7.1733064,45.6068348],[7.1733797,45.6077361],[7.1731839,45.6086331],[7.1729277,45.6098081],[7.1727694,45.6107327],[7.1724317,45.6116544],[7.1719876,45.6122953],[7.1715951,45.6129281],[7.1712078,45.614191],[7.1708184,45.6151209],[7.1710497,45.6155027],[7.171552,45.6158348],[7.1723732,45.616613],[7.1728794,45.6176112],[7.1731381,45.6187314],[7.1732761,45.6200118],[7.1736792,45.6214224],[7.1740279,45.6225351],[7.1742775,45.6235382],[7.1743678,45.6247098],[7.1742394,45.6258958],[7.1742729,45.6268415],[7.1748527,45.6279489],[7.1754923,45.6287962],[7.1754564,45.6295067],[7.1752771,45.6302869],[7.1754624,45.6312979],[7.1760117,45.6325579],[7.1762812,45.6333452],[7.1763777,45.6343279],[7.1763251,45.6351551],[7.1769844,45.6361918],[7.1774632,45.6368565],[7.1781172,45.638055],[7.1787427,45.6385511],[7.1795253,45.6393466],[7.1796192,45.6400142],[7.1796961,45.6404115],[7.1800544,45.6408501],[7.1801471,45.6411477],[7.1804129,45.641656],[7.1809219,45.6425822],[7.1816008,45.6434121],[7.1824651,45.644461],[7.1829082,45.6454401],[7.1832415,45.6462465],[7.1831628,45.6466953],[7.1827752,45.6475712],[7.1827746,45.6487773],[7.1831088,45.6499528],[7.1832762,45.6507295],[7.1833372,45.6516216],[7.1836212,45.6527602],[7.18396,45.6533957],[7.184463,45.6541147],[7.1840295,45.6544229],[7.1828761,45.6551606],[7.1819006,45.6557522],[7.1816216,45.6559135],[7.1815018,45.6559848],[7.1799218,45.6568148],[7.1785287,45.6574226],[7.1776674,45.6578589],[7.1765956,45.6584539],[7.1744588,45.6598239],[7.172683,45.6607496],[7.17135,45.6614753],[7.1701832,45.6622217],[7.1699056,45.6628653],[7.1698272,45.6636921],[7.1691024,45.6646616],[7.1678527,45.6655867],[7.1662422,45.6665509],[7.1652941,45.6668956],[7.1642284,45.6668697],[7.1633913,45.6669732],[7.1632049,45.6671772],[7.1631812,45.667408],[7.1631686,45.6675006],[7.1631534,45.6675724],[7.1631472,45.6677613],[7.1632375,45.6681408],[7.1634605,45.6683874],[7.1635389,45.6687397],[7.1633389,45.6688445],[7.1631469,45.6689494],[7.1628001,45.669026],[7.1625263,45.6690835],[7.161626,45.669132],[7.1600719,45.669152],[7.1590411,45.6691444],[7.1589425,45.6691428],[7.1579796,45.6691184],[7.1567173,45.6692689],[7.1556493,45.6693417],[7.1544512,45.6693759],[7.1534838,45.6692167],[7.1530238,45.6687592],[7.1528852,45.6682889],[7.1527069,45.667854],[7.1521533,45.667512],[7.1519364,45.6674004],[7.1516738,45.6672612],[7.1508217,45.6666263],[7.1501012,45.6658946],[7.1492028,45.6647189],[7.1483009,45.6636512],[7.1473353,45.6629604],[7.1464416,45.6624239],[7.1458024,45.6615674],[7.1451318,45.6608815],[7.1437262,45.6603006],[7.1424653,45.659614],[7.1417256,45.6590799],[7.1411489,45.6582785],[7.1405835,45.6571351],[7.1399133,45.6556661],[7.1394413,45.6548033],[7.1387396,45.6535137],[7.1381585,45.6524602],[7.1378867,45.6521407],[7.1366532,45.6517965],[7.1352589,45.6516568],[7.1337912,45.6514078],[7.1328554,45.6513025],[7.1319373,45.6511974],[7.1306435,45.6511223],[7.1292025,45.6508466],[7.1277742,45.6506074],[7.1265756,45.6506054],[7.1255289,45.6505524],[7.1251077,45.6504825],[7.1248264,45.6504508],[7.1244357,45.6502374],[7.1243146,45.6500194],[7.1238947,45.6495264],[7.1232763,45.6488322],[7.1234139,45.6481684],[7.1233883,45.6470159],[7.1231122,45.6464443],[7.1223088,45.645909],[7.1211492,45.6452779],[7.1198419,45.6444643],[7.1192108,45.6441478],[7.1188579,45.643575],[7.1187644,45.6429164],[7.1181456,45.6428884],[7.117363,45.6429285],[7.1166674,45.6426928],[7.1161758,45.6420456],[7.1155477,45.6412612],[7.1147339,45.6402756],[7.1138345,45.6391627],[7.1131093,45.6382146],[7.1126525,45.6372979],[7.1125285,45.6364048],[7.1122024,45.6354183],[7.1119662,45.6348113],[7.1119158,45.6340184],[7.1118514,45.6332613],[7.1113819,45.6323444],[7.1110371,45.6319157],[7.1100281,45.6310169],[7.1092766,45.6304734],[7.1082492,45.6301233],[7.106974,45.6298793],[7.1068536,45.6296592],[7.1066416,45.6290976],[7.1065216,45.6280875],[7.1063116,45.6267068],[7.1059145,45.6259262],[7.1054232,45.6252789],[7.105313,45.6251241],[7.1063989,45.624494],[7.107316,45.6235461],[7.1078852,45.6222594],[7.1078727,45.6211071],[7.1074688,45.6197683],[7.10688,45.6185884],[7.1060544,45.6175846],[7.1050641,45.6169021],[7.1040518,45.6161112],[7.1031855,45.6155568],[7.1022012,45.6150813],[7.101594,45.6148282],[7.1010117,45.6146025],[7.1006555,45.6145156],[7.100465,45.6144584]]]}},{"type":"Feature","properties":{"name":"Valgrisenche","role":"valley","source":"OpenStreetMap (ODbL) via Nominatim","osmType":"relation","osmId":45452},"geometry":{"type":"Polygon","coordinates":[[[6.977992,45.5882144],[6.9780162,45.587565],[6.9781001,45.5873234],[6.9782322,45.5870884],[6.9788698,45.5862179],[6.9793156,45.5855213],[6.9794481,45.5853655],[6.9796029,45.5852619],[6.9798997,45.5851093],[6.9799597,45.5850564],[6.9804481,45.5837456],[6.980538,45.5834385],[6.9805825,45.5833904],[6.9810083,45.5831121],[6.9811732,45.5830471],[6.9818298,45.5828888],[6.9820875,45.5827792],[6.9823607,45.5826355],[6.983045,45.5822293],[6.9831796,45.5821649],[6.983581,45.5820399],[6.9844348,45.5818299],[6.9859663,45.581337],[6.9863606,45.5811556],[6.9866331,45.5810046],[6.9868767,45.5808279],[6.9871923,45.5805539],[6.9873108,45.5804194],[6.9878908,45.5798711],[6.9880095,45.5797822],[6.988337,45.5796559],[6.9885342,45.5794853],[6.9886109,45.5794561],[6.9890219,45.5793861],[6.9893607,45.5792489],[6.9894679,45.5792221],[6.9904527,45.5790879],[6.9905866,45.5790582],[6.9908052,45.578949],[6.9913025,45.5786032],[6.9915625,45.5783613],[6.9918689,45.5779517],[6.9920267,45.5777882],[6.9921091,45.5777337],[6.9927687,45.5774199],[6.9929179,45.5773219],[6.9931247,45.5770449],[6.9934237,45.5768983],[6.9936743,45.576669],[6.9940835,45.5762322],[6.9942194,45.5761092],[6.9943217,45.5760539],[6.9946007,45.5760264],[6.9947361,45.5759728],[6.9949982,45.5757893],[6.9952193,45.5757324],[6.9952577,45.5757034],[6.9952714,45.5756041],[6.9951705,45.5753327],[6.9950168,45.5746312],[6.9949484,45.5744072],[6.9945292,45.5736115],[6.9944052,45.5731612],[6.9943232,45.5729408],[6.9942617,45.5728451],[6.9939349,45.5725601],[6.9938388,45.5724554],[6.9936299,45.5719414],[6.9936045,45.5717657],[6.9936417,45.5716996],[6.9937089,45.5716403],[6.9942123,45.5713819],[6.9943569,45.5712811],[6.9946543,45.5710078],[6.9948046,45.5709342],[6.9948517,45.5708836],[6.9948712,45.5708237],[6.9948169,45.5701725],[6.9948473,45.570097],[6.995019,45.5699445],[6.9951603,45.5698669],[6.9952507,45.5698469],[6.9957442,45.569865],[6.9961009,45.5697893],[6.9963313,45.5697088],[6.9965372,45.5696031],[6.9967002,45.5694723],[6.9967793,45.5693552],[6.9968144,45.5690046],[6.9967991,45.5688906],[6.9965034,45.5686031],[6.9964669,45.5685491],[6.9963317,45.5681419],[6.9962909,45.5680667],[6.9960472,45.5678101],[6.9957762,45.5673882],[6.9955877,45.5671702],[6.9953707,45.5669655],[6.9952868,45.5669152],[6.9950142,45.5668285],[6.994922,45.5667828],[6.9948726,45.5667293],[6.9948383,45.5666271],[6.9947327,45.5665332],[6.9942193,45.5658496],[6.9940927,45.5657646],[6.9936097,45.5656184],[6.9931689,45.5655227],[6.9929385,45.5654412],[6.9928256,45.5653653],[6.9925741,45.5651416],[6.9923626,45.5650259],[6.9921371,45.5649626],[6.9917219,45.564937],[6.991618,45.5649181],[6.9914718,45.5648489],[6.9912949,45.5646243],[6.9912118,45.5645621],[6.9909411,45.5644871],[6.9905481,45.5644459],[6.9905147,45.5644187],[6.9901667,45.563783],[6.9900933,45.5635938],[6.9899766,45.5631787],[6.9897599,45.5628797],[6.9897528,45.5628034],[6.9898451,45.5623762],[6.990039,45.5618204],[6.9902134,45.5612383],[6.990425,45.5609163],[6.9905101,45.5602788],[6.9905671,45.5595965],[6.9905625,45.5593881],[6.9905194,45.5591122],[6.9903026,45.5584987],[6.9902605,45.5581488],[6.9900843,45.557394],[6.9898344,45.5565429],[6.9898345,45.5564897],[6.9899082,45.5563813],[6.990158,45.556186],[6.9903862,45.5560574],[6.9908727,45.5558274],[6.9911874,45.5555985],[6.9912444,45.555541],[6.9912768,45.5554585],[6.9912673,45.5553733],[6.9912036,45.5551962],[6.9909391,45.5547454],[6.990849,45.5544454],[6.9908155,45.5539964],[6.9908418,45.5539573],[6.9913137,45.5536001],[6.9913809,45.5535079],[6.9915986,45.5530657],[6.9915682,45.5528179],[6.9915732,45.5526968],[6.9916343,45.552561],[6.9918685,45.552162],[6.9919004,45.5520195],[6.9918811,45.5519092],[6.9917605,45.5516295],[6.9917806,45.5515878],[6.9918868,45.5514837],[6.9919112,45.5513559],[6.9923699,45.5507819],[6.9924528,45.5506478],[6.992758,45.5500204],[6.9928282,45.5498373],[6.9928363,45.5497333],[6.9928047,45.5496318],[6.9926496,45.5493325],[6.9926198,45.5491782],[6.9926142,45.5489365],[6.9926772,45.5485012],[6.992729,45.5483149],[6.9928139,45.5481741],[6.9929916,45.5480105],[6.99356,45.5476132],[6.9939813,45.5475012],[6.9941432,45.5474],[6.9950056,45.5462495],[6.9951225,45.5461283],[6.9954413,45.5459392],[6.9954982,45.5458813],[6.9956024,45.5456247],[6.9957722,45.5454381],[6.9957934,45.5453249],[6.9957419,45.5449976],[6.9958053,45.5446541],[6.9958667,45.5445336],[6.9959492,45.5444698],[6.995951,45.5444383],[6.9959049,45.5443621],[6.9958401,45.5440312],[6.9958749,45.5438066],[6.9958668,45.5437498],[6.9958319,45.5437038],[6.9957231,45.5436241],[6.9955957,45.5434108],[6.9953944,45.5431836],[6.9953503,45.5431104],[6.9953243,45.5429813],[6.9953509,45.5428915],[6.9954453,45.542717],[6.9954692,45.5425833],[6.9954425,45.5425316],[6.9952949,45.5424015],[6.9952158,45.5423024],[6.9951875,45.5422205],[6.9952137,45.5420937],[6.9954636,45.541782],[6.9954785,45.5417189],[6.9954464,45.5416551],[6.9953741,45.5416081],[6.9950092,45.5414612],[6.9949315,45.5414117],[6.9948754,45.5413514],[6.9948419,45.5412585],[6.9948435,45.5411598],[6.9949705,45.540766],[6.9949702,45.540698],[6.994915,45.5406045],[6.9948663,45.5405711],[6.9945021,45.5404216],[6.9939816,45.5401738],[6.9939204,45.5401141],[6.9937575,45.5398689],[6.993494,45.5393647],[6.9932839,45.5391475],[6.9931369,45.5387116],[6.9930752,45.5385924],[6.9929315,45.5384128],[6.9924045,45.5379004],[6.9922167,45.5376796],[6.9921434,45.5375335],[6.9921165,45.537405],[6.9920925,45.5368699],[6.9920268,45.5362807],[6.9912371,45.5327635],[6.9908762,45.532009],[6.9912718,45.5303956],[6.9924062,45.5299256],[6.9930758,45.5294788],[6.9937877,45.5290784],[6.9945788,45.5286291],[6.9950134,45.5284261],[6.9954586,45.5280842],[6.9958583,45.5278998],[6.9960469,45.527765],[6.9969794,45.5269818],[6.9989064,45.5252067],[6.9990677,45.5250238],[7.0000263,45.5236508],[7.0002999,45.5233234],[7.0009288,45.5226594],[7.0010195,45.5226225],[7.0012909,45.522568],[7.0013821,45.5225267],[7.0016957,45.5222224],[7.0017915,45.5221625],[7.0020027,45.5221144],[7.0020262,45.5220945],[7.0020637,45.5219468],[7.0029492,45.5214214],[7.0031394,45.5212744],[7.0035699,45.5208497],[7.0037543,45.5206194],[7.0039023,45.5203795],[7.0040002,45.5201319],[7.0040248,45.5199742],[7.0040301,45.5194927],[7.0040884,45.5193126],[7.0043795,45.5188799],[7.0045818,45.5186465],[7.0047764,45.5185113],[7.0048692,45.5183501],[7.0051982,45.5173667],[7.0052715,45.5170717],[7.0049753,45.5166573],[7.0045638,45.516221],[7.003961,45.5153813],[7.0037459,45.515005],[7.0031792,45.5138484],[7.0028197,45.5133148],[7.002556,45.5129813],[7.002261,45.5126986],[7.0015376,45.5121151],[7.0014827,45.512047],[7.0014552,45.5119744],[7.0010601,45.5092797],[7.0006237,45.5066419],[7.0005699,45.5064478],[6.9998427,45.5049956],[7.002286,45.5032814],[7.0023749,45.503256],[7.0052582,45.5029694],[7.005359,45.5029095],[7.0077957,45.5011302],[7.0086561,45.5008811],[7.0087189,45.5008475],[7.0088869,45.5006652],[7.0089628,45.5006219],[7.0092881,45.5005317],[7.0094434,45.5004564],[7.0094636,45.5004119],[7.0094435,45.5003258],[7.0092952,45.5001325],[7.0092707,45.5000621],[7.0092785,45.5000065],[7.0093714,45.4999504],[7.011667,45.499378],[7.0119417,45.4992911],[7.0124364,45.4990462],[7.0125682,45.4989949],[7.0130932,45.498853],[7.0135503,45.4987622],[7.0143054,45.4986698],[7.0147535,45.4985995],[7.0150774,45.4985221],[7.0164734,45.4981099],[7.0168755,45.4980184],[7.0179008,45.4978438],[7.0186887,45.4975693],[7.0196906,45.4971775],[7.0202273,45.497038],[7.0204861,45.4969562],[7.0206402,45.496877],[7.0209781,45.4966596],[7.0222709,45.4964409],[7.0225761,45.4964068],[7.0236142,45.4964308],[7.0238788,45.4964623],[7.0243954,45.4965797],[7.024516,45.4965933],[7.024652,45.4965735],[7.0250311,45.4966417],[7.025538,45.49658],[7.0266418,45.496515],[7.027029,45.4964724],[7.027327,45.4963994],[7.0274935,45.4962707],[7.0276609,45.4961846],[7.0284447,45.49589],[7.0287475,45.4958163],[7.0288137,45.4958148],[7.0295754,45.4959759],[7.0296703,45.4960153],[7.0297681,45.4960994],[7.0299967,45.4964846],[7.0300898,45.4965615],[7.0303278,45.496659],[7.0307394,45.4967444],[7.0310072,45.4967739],[7.0311691,45.4967605],[7.0325273,45.4965609],[7.0331027,45.496364],[7.0331795,45.4963511],[7.0333625,45.4963656],[7.033945,45.4964677],[7.0344,45.4965738],[7.0347553,45.4966827],[7.0348741,45.4967839],[7.0349223,45.4968026],[7.0350204,45.4968108],[7.0352568,45.4967858],[7.0358355,45.4967614],[7.0361056,45.4967085],[7.0365492,45.4965323],[7.0384348,45.4958383],[7.0385405,45.4958191],[7.0387965,45.4958548],[7.0402303,45.4962525],[7.0414753,45.4965243],[7.0430312,45.4967006],[7.0434439,45.4967697],[7.0437278,45.4968366],[7.0439447,45.4969344],[7.0445228,45.4973502],[7.0446004,45.497369],[7.0429343,45.4995514],[7.0427588,45.5004845],[7.0442249,45.5009777],[7.0445095,45.5016306],[7.0447862,45.5021394],[7.0445326,45.5028102],[7.0440718,45.5035494],[7.0432234,45.504759],[7.0426359,45.505829],[7.042537,45.5064664],[7.0430615,45.5072135],[7.0440027,45.5081298],[7.0450272,45.5092274],[7.0458914,45.5101513],[7.0463726,45.5110417],[7.0464111,45.5121495],[7.046408,45.5129776],[7.0460295,45.5135561],[7.045891,45.5142289],[7.0460727,45.5148981],[7.0466823,45.5157816],[7.0472597,45.5164846],[7.0477333,45.5172307],[7.0480373,45.5180641],[7.0486807,45.5190832],[7.0493359,45.5197244],[7.050714,45.520234],[7.0517247,45.5206293],[7.0531367,45.5208964],[7.054234,45.5213832],[7.0548408,45.5219786],[7.0551185,45.5228385],[7.0552724,45.5243173],[7.0553595,45.5255069],[7.055567,45.5265456],[7.0559646,45.5276415],[7.0566882,45.5289409],[7.0577462,45.5301651],[7.0584573,45.5310863],[7.0595051,45.5326433],[7.0601061,45.5337876],[7.0600655,45.5345971],[7.0598067,45.5357898],[7.0598607,45.5368259],[7.0603526,45.5374193],[7.061958,45.5384097],[7.0633103,45.5393147],[7.0639198,45.5402161],[7.0645778,45.5415685],[7.0654866,45.542673],[7.066237,45.5435768],[7.0667779,45.5446121],[7.0667101,45.5458441],[7.0664437,45.5472618],[7.0658606,45.548575],[7.0656527,45.5497777],[7.0661379,45.550947],[7.0671306,45.5515129],[7.0681309,45.5522319],[7.0694286,45.553244],[7.0707082,45.5540397],[7.072236,45.5546956],[7.0734487,45.5551661],[7.0749022,45.5557487],[7.076202,45.5563286],[7.0769825,45.5567378],[7.0775617,45.5570356],[7.07789,45.5571762],[7.0782623,45.5571554],[7.0789016,45.5571932],[7.0791385,45.5573862],[7.0791113,45.5578088],[7.0790646,45.558051],[7.079222,45.558213],[7.0794112,45.5584079],[7.0801102,45.5589507],[7.0805114,45.5595875],[7.0804591,45.5603697],[7.08048,45.5608832],[7.0806557,45.5609941],[7.0812582,45.5609863],[7.0813237,45.5613204],[7.0813432,45.5615007],[7.0815879,45.5622159],[7.0821168,45.5628639],[7.0827321,45.5636123],[7.0831422,45.5636102],[7.0839256,45.5635603],[7.0847732,45.5638356],[7.0849191,45.5648192],[7.0847861,45.565717],[7.0846455,45.5660837],[7.0840487,45.5662987],[7.0838752,45.5665479],[7.0841605,45.5667777],[7.0844063,45.5670878],[7.0840742,45.5674333],[7.0836207,45.5680017],[7.0835014,45.5684948],[7.083616,45.5688928],[7.083432,45.5697808],[7.0832993,45.5702916],[7.0832142,45.5709113],[7.0833202,45.5711831],[7.0830622,45.5716108],[7.0827395,45.5720554],[7.0822179,45.5726947],[7.0820497,45.573493],[7.0822908,45.5743162],[7.0824851,45.5746345],[7.083477,45.5755692],[7.0839847,45.5760908],[7.0842311,45.576761],[7.0848075,45.5775268],[7.086495,45.5784102],[7.0876494,45.5791406],[7.088655,45.5797245],[7.0899728,45.5805386],[7.0897712,45.5811923],[7.0896449,45.5815142],[7.0896791,45.5820189],[7.0892069,45.582335],[7.0893978,45.5827523],[7.089878,45.5829673],[7.0916578,45.5840547],[7.0919389,45.5841179],[7.0921362,45.5843462],[7.0923605,45.584539],[7.0931493,45.5850922],[7.0939794,45.5855651],[7.0947908,45.5862087],[7.0958692,45.5869198],[7.0965428,45.5874711],[7.0973148,45.5885281],[7.0978426,45.589599],[7.0983282,45.5907862],[7.0985724,45.5919064],[7.0990671,45.5928238],[7.0997326,45.5936179],[7.10022,45.5947511],[7.1008422,45.5956886],[7.1017789,45.5960462],[7.1027721,45.5962517],[7.104492,45.5965773],[7.1055704,45.5969193],[7.1068138,45.5973089],[7.1072844,45.5989459],[7.1073055,45.5990813],[7.1073816,45.5994876],[7.1074486,45.6001638],[7.1075569,45.6011377],[7.1074962,45.6021808],[7.1074544,45.6034222],[7.1073628,45.6042398],[7.1071296,45.605073],[7.1068623,45.6061577],[7.1062462,45.6073176],[7.1054356,45.6081593],[7.1046533,45.6089204],[7.104109,45.6094694],[7.1030551,45.610676],[7.1027513,45.6113191],[7.1027473,45.6125791],[7.1025454,45.6132419],[7.1020526,45.6137827],[7.1014248,45.6141414],[7.1007379,45.614355],[7.100465,45.6144584],[7.1006555,45.6145156],[7.1010117,45.6146025],[7.101594,45.6148282],[7.1022012,45.6150813],[7.1031855,45.6155568],[7.1040518,45.6161112],[7.1050641,45.6169021],[7.1060544,45.6175846],[7.10688,45.6185884],[7.1074688,45.6197683],[7.1078727,45.6211071],[7.1078852,45.6222594],[7.107316,45.6235461],[7.1063989,45.624494],[7.105313,45.6251241],[7.1054232,45.6252789],[7.1059145,45.6259262],[7.1063116,45.6267068],[7.1065216,45.6280875],[7.1066416,45.6290976],[7.1068536,45.6296592],[7.106974,45.6298793],[7.1069169,45.6300652],[7.1068382,45.630496],[7.1065621,45.6310765],[7.1059092,45.6317947],[7.1049746,45.6324993],[7.104013,45.6332394],[7.1029977,45.6340506],[7.1019345,45.6347621],[7.100538,45.6354589],[7.0993346,45.636141],[7.0983387,45.6367544],[7.0974826,45.6374063],[7.096607,45.6382558],[7.0959838,45.6392265],[7.0952178,45.6402488],[7.0944359,45.6409828],[7.0934215,45.6410019],[7.093191,45.6413671],[7.0927131,45.6422142],[7.092095,45.643032],[7.0913957,45.6439744],[7.0907212,45.6449442],[7.0900423,45.6456619],[7.0894172,45.6459305],[7.0889252,45.6460573],[7.0891326,45.6463758],[7.0899872,45.6476592],[7.0897777,45.6477817],[7.0894907,45.647921],[7.0888915,45.648181],[7.0883573,45.6487931],[7.0883145,45.6492964],[7.0884525,45.6501448],[7.0883169,45.6503586],[7.087309,45.6509358],[7.0862794,45.6513955],[7.0853284,45.6518117],[7.0843198,45.6524068],[7.0834066,45.6528415],[7.0830981,45.6529101],[7.081906,45.6531854],[7.0805243,45.6534322],[7.0798621,45.6536551],[7.0798129,45.6539693],[7.0797012,45.6546065],[7.0796351,45.6554155],[7.0796172,45.6559372],[7.0796974,45.6565956],[7.0798797,45.6568957],[7.0805259,45.6571406],[7.0814241,45.6575247],[7.082442,45.6581629],[7.082725,45.6588967],[7.0827123,45.6596436],[7.0826911,45.6602643],[7.0824966,45.6614492],[7.0819761,45.6616564],[7.0810673,45.6619562],[7.0807341,45.6620761],[7.0798457,45.6623947],[7.0786897,45.6627893],[7.0784412,45.6629311],[7.0776137,45.6629252],[7.0769987,45.6631096],[7.0766408,45.6631328],[7.0763266,45.6633276],[7.0762113,45.6633763],[7.0760627,45.6634384],[7.0753297,45.6634438],[7.0748717,45.6636971],[7.0743547,45.6639292],[7.0739052,45.6638068],[7.073144,45.663542],[7.0729583,45.6634738],[7.0728869,45.6634476],[7.0720537,45.6631455],[7.0706253,45.6625003],[7.0693717,45.6616241],[7.0681235,45.6605948],[7.0676726,45.6598942],[7.0677878,45.659158],[7.0675908,45.6585426],[7.0668727,45.6577744],[7.0664772,45.6565886],[7.0662488,45.6557656],[7.0658503,45.6550388],[7.0648968,45.6544016],[7.0633095,45.6539066],[7.0617667,45.6536104],[7.0612876,45.6533593],[7.0607607,45.6530083],[7.0592451,45.6522985],[7.0584453,45.6516728],[7.0580157,45.6514765],[7.0573885,45.6514298],[7.0564024,45.651368],[7.0557939,45.6511507],[7.0542849,45.6506209],[7.0524795,45.6501311],[7.0509991,45.6495208],[7.0494987,45.6491171],[7.0476311,45.6489412],[7.0463088,45.6485855],[7.0451191,45.6481061],[7.0435131,45.6477906],[7.0412689,45.6473741],[7.0389923,45.646786],[7.0362876,45.6455963],[7.034446,45.6443135],[7.0326024,45.6430937],[7.0310311,45.6421575],[7.029897,45.6417824],[7.0297626,45.6417396],[7.0280395,45.6414758],[7.0265208,45.6408735],[7.0253547,45.6400973],[7.0243977,45.6392166],[7.0237196,45.6384308],[7.0202072,45.6336758],[7.0196742,45.6331445],[7.0173053,45.6319243],[7.0162596,45.6313841],[7.0147671,45.6311422],[7.0128086,45.6310181],[7.0105806,45.6308983],[7.0091953,45.6308295],[7.0071131,45.6308026],[7.0057429,45.6309309],[7.0037204,45.6311656],[7.001863,45.6314482],[6.999927,45.6317743],[6.9979404,45.6321046],[6.9980683,45.6318081],[6.9981274,45.6314743],[6.9980358,45.6313079],[6.9979108,45.6311696],[6.9974845,45.6307752],[6.9968623,45.6300644],[6.9965144,45.6297144],[6.9962189,45.6293154],[6.9960346,45.6291746],[6.9958693,45.6291062],[6.9953692,45.6289603],[6.9950959,45.6289005],[6.9945103,45.6288134],[6.9940409,45.6286809],[6.9937859,45.6285789],[6.9934737,45.6283921],[6.9932813,45.6283223],[6.9928564,45.6282569],[6.9917739,45.6277618],[6.9916737,45.6276932],[6.9909182,45.6268249],[6.9906523,45.6264899],[6.9904617,45.6263244],[6.9900007,45.6260264],[6.9894991,45.6256009],[6.9891204,45.6253441],[6.9886241,45.6251029],[6.9877701,45.6247255],[6.9873916,45.6245132],[6.9871685,45.6242892],[6.986798,45.6240144],[6.9867691,45.6239565],[6.9867786,45.623719],[6.9867581,45.6236053],[6.9865969,45.6232856],[6.9865855,45.6229399],[6.9865144,45.6227904],[6.9864195,45.6223346],[6.9862912,45.6221441],[6.9862705,45.6220377],[6.9863655,45.6218699],[6.9863412,45.6217838],[6.9863537,45.6217229],[6.9863319,45.6216574],[6.9863385,45.6215986],[6.9863169,45.6215568],[6.9861085,45.6215364],[6.9859764,45.621471],[6.9857877,45.6212743],[6.9857393,45.6212451],[6.9855847,45.6212348],[6.9855237,45.6212001],[6.9849738,45.6207471],[6.9848923,45.6206516],[6.9845734,45.6201645],[6.9844363,45.6198104],[6.9842647,45.6192218],[6.9841397,45.6188885],[6.9832429,45.6169313],[6.983232,45.6167842],[6.9835103,45.6161851],[6.9836883,45.6152346],[6.9837808,45.6149159],[6.9838233,45.6148289],[6.9839156,45.6147137],[6.9840054,45.6146534],[6.9846465,45.6143526],[6.9848618,45.6142215],[6.9851546,45.613996],[6.9854109,45.6137494],[6.985641,45.6134898],[6.9862141,45.6127656],[6.9862638,45.612649],[6.9862724,45.6125293],[6.9861774,45.6121911],[6.9842753,45.6075191],[6.9841856,45.6069662],[6.9840258,45.6065454],[6.9838188,45.6062495],[6.9837698,45.6061484],[6.9837531,45.6059943],[6.9838254,45.6055874],[6.9838248,45.6053857],[6.9837777,45.6051785],[6.9837363,45.6050851],[6.983607,45.6049135],[6.9834304,45.6047584],[6.9829248,45.6044006],[6.9827396,45.6042464],[6.9825662,45.6040662],[6.9824579,45.6038858],[6.9822475,45.6033859],[6.9820284,45.6024225],[6.9820481,45.602181],[6.9820336,45.6021097],[6.9817951,45.6019083],[6.9817281,45.6018092],[6.9816966,45.6016008],[6.9816979,45.6013685],[6.981744,45.6012832],[6.981811,45.6004974],[6.9817878,45.6003813],[6.9816186,45.6001351],[6.9815082,45.5997769],[6.9812876,45.5993883],[6.9807811,45.5986728],[6.9795989,45.597101],[6.9795762,45.5970238],[6.9797814,45.5966385],[6.9799568,45.5964225],[6.9800902,45.5963435],[6.9802907,45.5962569],[6.9804216,45.596178],[6.9805074,45.5960576],[6.9805813,45.5958096],[6.9805958,45.5956671],[6.9806943,45.5953804],[6.9806875,45.595274],[6.9805697,45.5948667],[6.9801826,45.5938966],[6.9801513,45.5936808],[6.9801483,45.593319],[6.9801128,45.5932125],[6.9799519,45.5929611],[6.9791174,45.5919435],[6.9785116,45.5909314],[6.9782109,45.5905497],[6.9781052,45.590304],[6.9780535,45.5900489],[6.9780447,45.5892703],[6.977992,45.5882144]]]}}]}